Unnamed: 0,raw_source,type,generated_text
0,지능형 감지 쓰레기통 가정용 거실 주방 전동 자동 감지 방취 쓰레기통 대용량 친환경 쓰레기통,Related Keywords,"1. 지능형 쓰레기통 (  )
2. 가정용 쓰레기통 (  )
3. 전동 쓰레기통 (  )
4. 자동 쓰레기통 (  )
5. 방취 쓰레기�

1 지능형 쓰레기통   
2 가정용 쓰레기통   
3 전동 쓰레기통   
4 자동 쓰레기통   
5 방취 쓰레기"
1,축구 운동화 남성용 2023 신형 통기성 메쉬 러닝화 경량 편안 학생 캐주얼 스포츠 트렌드 신발,Product Title,"          ,      .          ,           - .        "" ,"" "","" "","" ""',"" "","" "","" "",""  "" ,""         .

  ."
2,전자레인지 다기능 스마트 가정용 소형 베이킹 오븐 일체형 기계 고속 가열 회전 해동 전자동 식품 가공 장비,Related Keywords,"1. 전자레인지 스마트 가정용 베이킹 오븐
2. 다기능 스마트 가정용 베이킹 오븐
3. 소형 베이킹 오븐
4. 일체형 기계 고속 가열 베이킹 오븐
5. 

1 전자레인지 스마트 가정용 베이킹 오븐
2 다기능 스마트 가정용 베이킹 오븐
3 소형 베이킹 오븐
4 일체형 기계 고속 가열 베이킹 오븐
5"
3,2023 봄 신상품 남성 캐주얼 바지 순색 와이드핏 스트레이트 롱팬츠 비즈니스 캐주얼 바지 일상 편안한 남성복,Product Title,"### :

           ,                   .

      ""2023    -    ' -      .""  

  ."
4,경사금색 실크 벨벳 이브닝백 여성 2024 신상 유럽 스타일 체인 숄더 크로스백,Product Title,"### :       ,         .

###  : 紅色の緑系の恤を着た人は、彼女の心を掴んでしまう。
###  : 💖    !        💖

### :

  ."
5,"【신상품 출시】애플 iPhone 14 Pro Max 스마트폰 전국 통신 5G 버전 256GB 스페이스 그레이 색상, 듀얼 SIM 대기 지원, 고화질 카메라, 긴 배터리 지속력",Detailed Description,"### :           :

 : 【신상품 출시】 플레이스테이션 4 홀로닷 게임 플레이 능력 향상, 새로운 액세스 통신 기술 적용

           :

 : 【신상품 출시】 플레이스테이션 4 홀로닷 게임 플레이 능력 향상, 새로운 액세스 통신 기술 적용

               ' , ,  .

1 애플  14   스마트폰의 5 버전은 전국 통신 서비스를 지원하며, 256 스페이스에 저장할 수 있는 매우 큰 애플리케이션을 실행할 수 있습니다
2 듀얼  대기 지원으로 양방향 통신을 지원하며, 이를 통해 활발한 통신 서비스를 즐길 수 있습니다
3 고화질 카메라를 탑재하여 초저변 사진을 찍을 수 있으며, 이를 통해 생생한 초저변 사진을 즐길 수 있습니다
4 긴 배터리 지속력으로 더 많은 애플리케이션을 실행할 수 있으며, 이를 통해 더 큰 즐거움을 즐기는 것이 가능합니다
5 애플  14   스마트폰은 새로운 애플 앱 및 서비스를 실행할 수 있으며, 이를 통해 더 즐거운 생활을 즐기는 것이 가능합니다"
6,"지능형 블루투스 이어폰 무선 스포츠용 방수 소음 감소 이어플러그, 애플 및 안드로이드 폰에 적합한 범용 모델",Product Title,"### :       ,         .

###  : 블루투스 이어폰 무선 스포츠용 방수 소음 감소 이어플러그, 애플 

  ."
7,【바바 농장 교환 전용】 자색 피패션프루트 1.5근 포장,Product Title,"     : 바바 농장 교환 전용 자색 피패션프루트 1.5근 포장.

:

* 바바 ()       """"  """".
* 농장 ()         .
*

바바 농장 교환 전용 자색 피패션프루트 15근 포장

      바바 농장 교환 전용 자색 피패션프루트 15근 포장



 바바          
 농장"
8,청년 남성 2023 신상 봄가을 레트로 오버사이즈 캐주얼 자켓 트렌디 상의,Product Title,":

* 청년 ()  "" ""  .
* 남성 ()  """"  .
* 2023 (2023)     .
* 신상 (-)  "" ""  .
* 봄 ()  """"  .
* 가을 ()  """"  .
* 레

2023            



 청년      
 남성     
 2023 2023     
 신상 -     
 봄     
 가을     
 레"
9,지능 터치 블루투스 이어폰 무선 5.0 스테레오 스포츠 이어플러그 방수 소음 감소 이어폰 충전 케이스 포함 애플,Product Title,"     : 지능 터치 블

지능 터치 블루투스 이어폰 50 스테레오 스포츠 이어플러그 - 방수 소음 감소 이어폰 충전 케이스 포함

      지능 터치 블"
10,어린이 스마트워치 GPS 위치 추적 전화 시계 방수 멀티펑션 학생용 인터폰 2023 신제품 카툰 다이얼,Detailed Description,"1. 어린이 스마트워치  위치 추적 전화 시계 방수 멀티펑션 학생용 인터폰 2023 신제품 카툰 다이얼 ('         -   2023    )

         ,     ,   ,  -  .       - ,               .          '   -,     .            ,         .  -           ,     .       ,                        .

2. 어린이 스마트워치  위치 추적 전화 시계 방수 멀티펑션 학생용 인터폰 ('         -  )

        ,     ,   ,  -  .              ,        '   -.        --    ' ,     .            ,         .  -           ,     .      - ,                        .

3. 카툰 다이얼 어린이 스마트워치  위치 추적 전화 시계 방수 멀티펑션 학생용 인터폰 (  '         -  )

         ,     ,   ,  -  .       - ,               .          '   -,     .            ,         .  -           ,     .       ,                        .

4. 어린이 스마트워치  

1 어린이 스마트워치  위치 추적 전화 시계 방수 멀티펑션 학생용 인터폰 2023 신제품 카툰 다이얼          -   2023    

         ,     ,   ,  -         - ,                            -,                 ,           -           ,            ,                        

2 어린이 스마트워치  위치 추적 전화 시계 방수 멀티펑션 학생용 인터폰          -  

        ,     ,   ,  -                ,           -        --     ,                 ,           -           ,           - ,                        

3 카툰 다이얼 어린이 스마트워치  위치 추적 전화 시계 방수 멀티펑션 학생용 인터폰            -  

         ,     ,   ,  -         - ,                            -,                 ,           -           ,            ,                        

4 어린이 스마트워치"
11,"이어폰 노이즈 캔슬링 무선 블루투스 이어플러그 2023 신형 스포츠형 방수 터치식 장수명 이어폰, 애플 안드로이드 호환",Detailed Description,"1. 노이즈 캔슬링 무선 블루투스 이어플러그 2023 신형 스포츠형 방수 터치식 장수명 이어폰: 이 이어폰은 2023 년 신형 스포츠형 방수 터치식 장수명 이어폰으로, 노이즈 캔슬링 무선 블루투스 이어플러그를 통해 애플 안드로이드 호환입니다. 이 이어폰은 애플 안드로이드 호환으로, 애플 핸드폰 및 태블릿 등의 모든 앱을 즐겨찾는 사람들에게 적합합니다.
2. 이어폰 노이즈 캔슬링 무선 블루투스 이어플러그 2023 신형 스포츠형 방수 터치식 장수명 이어폰: 이 이어폰은 2023 년 신형 스포츠형 방수 터치식 장수명 이어폰으로, 노이즈 캔슬링 무선 블루투스 이어플러그를 통해 애플 안드로이드 호환입니다. 이 이어폰은 애플 안드로이드 호환으로, 애플 핸드폰 및 태블릿 등의 모든 앱을 즐겨찾는 사람들에게 적합합니다.
3. 노이즈 캔슬링 무선 블루투스 이어플러그 2023 신형 스포츠형 방수 터치식 장수명 이어폰: 이 이어폰은 2023 년 신형 스포츠형 방수 터치식 장수명 이어폰으로, 노이즈 캔슬링 무선 블루투스 이어플러그를 통해 애플 안드로이드 호환입니다. 이 이어폰은 애

1 노이즈 캔슬링 무선 블루투스 이어플러그 2023 신형 스포츠형 방수 터치식 장수명 이어폰 이 이어폰은 2023 년 신형 스포츠형 방수 터치식 장수명 이어폰으로, 노이즈 캔슬링 무선 블루투스 이어플러그를 통해 애플 안드로이드 호환입니다 이 이어폰은 애플 안드로이드 호환으로, 애플 핸드폰 및 태블릿 등의 모든 앱을 즐겨찾는 사람들에게 적합합니다
2 이어폰 노이즈 캔슬링 무선 블루투스 이어플러그 2023 신형 스포츠형 방수 터치식 장수명 이어폰 이 이어폰은 2023 년 신형 스포츠형 방수 터치식 장수명 이어폰으로, 노이즈 캔슬링 무선 블루투스 이어플러그를 통해 애플 안드로이드 호환입니다 이 이어폰은 애플 안드로이드 호환으로, 애플 핸드폰 및 태블릿 등의 모든 앱을 즐겨찾는 사람들에게 적합합니다
3 노이즈 캔슬링 무선 블루투스 이어플러그 2023 신형 스포츠형 방수 터치식 장수명 이어폰 이 이어폰은 2023 년 신형 스포츠형 방수 터치식 장수명 이어폰으로, 노이즈 캔슬링 무선 블루투스 이어플러그를 통해 애플 안드로이드 호환입니다 이 이어폰은 애"
12,스마트워치 남녀 스포츠 멀티 기능 방수 2023 신모델 블루투스 전화 심박수 모니터링 건강 걸음수 스마트 알림 팔찌,Detailed Description,"2. 2023 신모델 블루투스 전화
           ,               .     -        -   - .

3. 심박수 모니터링
             -,          .      -       .

4. 건강 걸음수 스마트 알림
     -        -      .                ,          .

5. 팔찌
     -         , ,  .     -        .          50 ,         .

1 스마트 워치 남녀 스포츠 멀티 기능
          ,    ,   ,        -              

2 2023 신모델 블루투스 전화
           ,                    -        -   - 

3 심박수 모니터링
             -,                -       

4 건강 걸음수 스마트 알림
     -        -                      ,          

5 팔찌
     -         , ,       -                  50 ,"
13,시크한 멀티펑션 접이식 테이블 휴대용 노트북 테이블 침대용 책상 간소화된 소형 가구 학습 책상,Product Title,":

* 멀티펑션 (-)             .
* 접

멀티펑션 접이식 테이블 휴대용 노트북 침대용 책상 - 간소화된 소형 가구 학습 책상



 멀티펑션 -             
 접"
14,여름 통풍 스포츠화 남성용 경량 메쉬 러닝화 학생 캐주얼화 패션 트렌드 스니커즈 신상,Related Keywords,"1. 여름 통풍 스포츠화 -  
2. 남성용 경량 메쉬 -    
3. 러닝화 학생 캐주얼화 -    -
4. 패션 트렌드 스니커즈 -   
5. 

1 여름 통풍 스포츠화 -  
2 남성용 경량 메쉬 -    
3 러닝화 학생 캐주얼화 -    -
4 패션 트렌드 스니커즈 -   
5"
15,스마트 팔찌 스포츠 버전 블루투스 연결 건강 모니터링 심박수 혈압 걸음수 수면 분석 방수 시계 남녀 공용,Detailed Description,"1. 스마트 팔찌 스포츠 버전:          ,      .         ,  ,  ,  ,   -       .
2. 블루투스 연결:              ,     ,    ,         .
3. 건강 모니터링:    '         ,  ,    .            .
4. 심박수 혈압:    '        -,         .
5. 걸음수 수면 분석:    '            ,  , ,    .          .

:                      .

1 스마트 팔찌 스포츠 버전          ,               ,  ,  ,  ,   -       
2 블루투스 연결              ,     ,    ,         
3 건강 모니터링             ,  ,                
4 심박수 혈압            -,         
5 걸음수 수면 분석                ,  , ,"
16,봄 신상 여성 프린트 원피스 중장형 긴팔 A라인 드레스 우아하고 날씬해 보이는 일상 캐주얼 패션 여성복,Related Keywords,"1. 봄 ()
2. 신상 ( )
3. 여성 (')
4. 프린트 ()
5. 원피스 ( )
6. 중장형 (-)
7. 긴팔 ( )
8. 라인 ( )
9. 드레스 ()
10. 우

1 봄 
2 신상  
3 여성 
4 프린트 
5 원피스  
6 중장형 -
7 긴팔  
8 라인  
9 드레스 
10 우"
17,2023 신상 경량 고급 진피 여성 반지갑 다카드 슬롯 도난방지 RFID 보호 컴팩트 휴대용 여성 지갑,Detailed Description,"1. 새로운 경량 고급 진피 여성 반지갑 다카드 슬롯 도난방지  보호 컴팩트 휴대용 여성 지갑
 -,               .    ,             .      -      ,            .       ,            .
2. 2023 신상 경량 고급 진피 여성 반지갑 다카드 슬롯 도난방지  보호 컴팩트 휴대용 여성 지갑
            .      ,          .      -      ,           ,  ,    .  -              ,        .
3. 2023 신상 경량 고급 진피 여성 반지갑 다카드 슬롯 도난방지  보호 컴팩트 휴대용 여성 지갑 - 새로운 디자인
             .      ,          .      -      ,           ,  ,    .  -              ,        .
4. 2023 신상 경량 고급 진피 여성 반지갑 다카드 슬롯 도난방지  보호 컴팩트 휴대용 여성 지갑 - 디지털 보안 기능
          .      ,          .      -      ,           ,  ,    .                ,                 .
5. 2023 신상 경량 고급 진피 여성 반지갑 다카드 슬롯 도난방지  보호 컴팩트 휴대용 여성 지갑 - 최고

1 새로운 경량 고급 진피 여성 반지갑 다카드 슬롯 도난방지  보호 컴팩트 휴대용 여성 지갑
 -,                   ,                   -      ,                   ,            
2 2023 신상 경량 고급 진피 여성 반지갑 다카드 슬롯 도난방지  보호 컴팩트 휴대용 여성 지갑
                  ,                -      ,           ,  ,      -              ,        
3 2023 신상 경량 고급 진피 여성 반지갑 다카드 슬롯 도난방지  보호 컴팩트 휴대용 여성 지갑 - 새로운 디자인
                   ,                -      ,           ,  ,      -              ,        
4 2023 신상 경량 고급 진피 여성 반지갑 다카드 슬롯 도난방지  보호 컴팩트 휴대용 여성 지갑 - 디지털 보안 기능
                ,                -      ,           ,  ,                    ,                 
5 2023 신상 경량 고급 진피 여성 반지갑 다카드 슬롯 도난방지  보호 컴팩트 휴대용 여성 지갑 - 최고"
18,"전자동 스마트 청소 로봇 가정용 진공청소기 일체형 물걸레 청소기 다기능 정숙 청소기, 모든 종류의 바닥재에 적합",Product Title,"     :

블록링 스마트 청소 로봇 - 가정용 진공청소기 다양한 바닥재 청소

:


블록링 스마트 청소 로봇 - 가정용 진공청소기 다양한 바닥재 청소

     

블록링 스마트 청소 로봇 - 가정용 진공청소기 다양한 바닥재 청소"
19,지능형 멀티 기능 커피 머신 가정용 전자동 커피 원두 분쇄 아메리카노 및 라떼 아트 제조 일체형 기계,Detailed Description,"1. 지능형 멀티 기능 커피 머신: 이 머신은 다양한 커피 스타일을 생성하는데 사용되는 능률있는 멀티 기능 커피 머신입니다. 고품질의 커피 원두를 가공하여 다양한 커피 스타일을 생성하는데 사용됩니다. 이 머신은 , ,    3 가지 모드를 지원합니다.
2. 가정용 전자동 커피 원두 분쇄 아메리카노: 이 기계는 고품질의 커피 원두를 분쇄하는데 사용되는 전자동 커피 원두 분쇄 기계입니다. 커피 원두를 분쇄하여 커피 파우더에 적절한 크기의 커피 파우더를 생성합니다.
3. 라떼 아트 제조 일체형 기계: 이 기계는 라떼 아트를 제조하는데 사용되는 일체형 기계입니다. 고품질의 커피 원두를 가공하여 라떼 아트를 제조합니다. 이 기계는 , ,    3 가지 모드를 지원합니다.
4. 지능형 멀티 기능 커피 머신: 이 머신은 다양한 커피 스타일을 생성하는데 사용되는 능률있는 멀티 기능 커피 머신입니다. 고품질의 커피 원두를 가공하여 다양한 커피 스타일을 생성하는데 사용됩니다. 이 머신은 , ,    3 가지 모드를 지원합니다.
5. 전자동 커피 원두 분쇄 아메리카노: 이 기계는 고품질의 커피 원두를 분쇄하는데 사용

1 지능형 멀티 기능 커피 머신 이 머신은 다양한 커피 스타일을 생성하는데 사용되는 능률있는 멀티 기능 커피 머신입니다 고품질의 커피 원두를 가공하여 다양한 커피 스타일을 생성하는데 사용됩니다 이 머신은 , ,    3 가지 모드를 지원합니다
2 가정용 전자동 커피 원두 분쇄 아메리카노 이 기계는 고품질의 커피 원두를 분쇄하는데 사용되는 전자동 커피 원두 분쇄 기계입니다 커피 원두를 분쇄하여 커피 파우더에 적절한 크기의 커피 파우더를 생성합니다
3 라떼 아트 제조 일체형 기계 이 기계는 라떼 아트를 제조하는데 사용되는 일체형 기계입니다 고품질의 커피 원두를 가공하여 라떼 아트를 제조합니다 이 기계는 , ,    3 가지 모드를 지원합니다
4 지능형 멀티 기능 커피 머신 이 머신은 다양한 커피 스타일을 생성하는데 사용되는 능률있는 멀티 기능 커피 머신입니다 고품질의 커피 원두를 가공하여 다양한 커피 스타일을 생성하는데 사용됩니다 이 머신은 , ,    3 가지 모드를 지원합니다
5 전자동 커피 원두 분쇄 아메리카노 이 기계는 고품질의 커피 원두를 분쇄하는데 사용"
20,창의적인 별하늘 프로젝션 라이트 로맨틱 밤 빛 회전 가능 다색 변환 USB 별과 달 수면 보조 램프 커플 선물,Product Title,":

* 창의적인 () -              .
* 별하늘 ( ) -        '  ,       .
*

180 , 7 ,      



 창의적인  -              
 별하늘   -          ,"
21,2023 신형 스마트워치 멀티펑션 스포츠 모델 심박수 모니터링 블루투스 전화 시계 남녀 공용 방수 스마트 웨어러블 디바이스,Product Title,2023 신형 스마트워치 멀티펑션 스포츠 모델 - 심박수 모니터링 블루투스 전화 시계 남녀 공용 방수 스마트 웨어러블 디
22,용의 해 가족용 빨간색 티셔츠 2024 본명년 어린이 설날 친자 의류 반팔 순면 T,Related Keywords,"1. 용의 해 (' )
2. 가족용 (-)
3. 빨간색 ()
4. 티셔츠 (-)
5. 2024 ()
6. 본명년 ( )
7. 어린이 ()
8. 설날 (  )
9. 친자 ()

1 용의 해  
2 가족용 -
3 빨간색 
4 티셔츠 -
5 2024 
6 본명년  
7 어린이 
8 설날   
9 친자"
23,【2024신형】 스마트 스포츠 워치 심박수 모니터링 다기능 방수 블루투스 스포츠 팔찌 남녀공용,Product Title,":

* 심박수 모니터링 (  )
* 다기능 (-)
* 방수 (  )
* 블루투스 ()


심박수 모니터링 다기능 방수 블루투스 스포츠 팔찌 - 2024신형



 심박수 모니터링   
 다기능 -
 방수   
 블루투스"
24,"지능형 블루투스 이어폰 노이즈 캔슬링 무선 스포츠 이어버드형 이어폰, 애플 안드로이드 휴대폰 호환 고음질 이어폰",Detailed Description,"1. 지능형 블루투스 이어폰: 노이즈 캔슬링 무선 스포츠 이어버드형 이어폰은 최신 블루투스 기술을 활용하여 고품질의 음질을 제공합니다. 이어폰의 노이즈 캔슬링 기술은 외부 출입이 없는 질의 높은 음질을 제공하며, 블루투스 기술을 통해 안드로이드 휴대폰과 호환됩니다.
2. 무선 스포츠 이어버드형 이어폰: 이어폰의 무선 스포츠 기술은 운동을 즐기는 사람들이 매우 편안합니다. 이어폰의 무선 스포츠 기술은 운동 중 음질 증폭을 제공하며, 운동 중 필요한 음질을 증폭하여 운동을 즐기는 데 도움을 줍니다.
3. 고음질 이어폰: 이어폰의 고음질 기술은 최고의 음질을 제공합니다. 이어폰의 고음질 기술은 운동 중 음질 증폭을 제공하며, 운동 중 필요한 음질을 증폭하여 운동을 즐기는 데 도움을 줍니다. 또한 이어폰의 고음질 기술은 안드로이드 휴대폰과 호환됩니다.
4. 애플 안드로이드 휴대폰 호환 이어폰: 이어폰의 애플 안드로이드 휴대폰 호환 기술은 최신 안드로이드 휴대폰과 호환됩니다. 이어폰의 애플 안드로이드 휴대폰 호환 기술은 운동 중 음질 증폭을 제공하며, 운동 중 필요한 음질을 증폭하여 운동을 즐기는 데 도

1 지능형 블루투스 이어폰 노이즈 캔슬링 무선 스포츠 이어버드형 이어폰은 최신 블루투스 기술을 활용하여 고품질의 음질을 제공합니다 이어폰의 노이즈 캔슬링 기술은 외부 출입이 없는 질의 높은 음질을 제공하며, 블루투스 기술을 통해 안드로이드 휴대폰과 호환됩니다
2 무선 스포츠 이어버드형 이어폰 이어폰의 무선 스포츠 기술은 운동을 즐기는 사람들이 매우 편안합니다 이어폰의 무선 스포츠 기술은 운동 중 음질 증폭을 제공하며, 운동 중 필요한 음질을 증폭하여 운동을 즐기는 데 도움을 줍니다
3 고음질 이어폰 이어폰의 고음질 기술은 최고의 음질을 제공합니다 이어폰의 고음질 기술은 운동 중 음질 증폭을 제공하며, 운동 중 필요한 음질을 증폭하여 운동을 즐기는 데 도움을 줍니다 또한 이어폰의 고음질 기술은 안드로이드 휴대폰과 호환됩니다
4 애플 안드로이드 휴대폰 호환 이어폰 이어폰의 애플 안드로이드 휴대폰 호환 기술은 최신 안드로이드 휴대폰과 호환됩니다 이어폰의 애플 안드로이드 휴대폰 호환 기술은 운동 중 음질 증폭을 제공하며, 운동 중 필요한 음질을 증폭하여 운동을 즐기는 데 도"
25,남성 겨울 2023 신상 양모 혼방 롱 코트 비즈니스 캐주얼 울 외투 보온 트렌치코트,Detailed Description,"1. 양모 혼방 롱 코트 디자인: 남성 겨울 2023 신상 양모 혼방 롱 코트는 양모 혼방 디자인이 특징입니다. 코트의 디자인은 겨울 워크워치에 적합한 형태를 갖추고 있습니다.
2. 보온 트렌치코트: 남성 겨울 2023 신상 양모 혼방 롱 코트는 보온 트렌치코트를 갖추고 있습니다. 이 코트는 겨울 워크워치에서 더 뜨거운 몸을 추운 때 편안하게 입을 수 있습니다.
3. 캐주얼 울 외투: 남성 겨울 2023 신상 양모 혼방 롱 코트는 캐주얼 울 외투를 갖추고 있습니다. 이 외투는 코트의 디자인과 질서를 높이는 데 도움이 됩니다.
4. 롱 코트 디자인: 남성 겨울 2023 신상 양모 혼방 롱 코트는 롱 코트 디자인을 갖추고 있습니다. 이 코트는 겨울 워크워치에서 더 편안하고 추운 때 입을 수 있습니다.
5. 비즈니스 캐주얼 울 외투: 남성 겨울 2023 신상 양모 혼방 롱 코트는 비즈니스 캐주얼 울 외투를 갖추고 있습니다. 이 외투는 코트의 디자인과 질서를 높이는 데 도움이 됩니다.

1 양모 혼방 롱 코트 디자인 남성 겨울 2023 신상 양모 혼방 롱 코트는 양모 혼방 디자인이 특징입니다 코트의 디자인은 겨울 워크워치에 적합한 형태를 갖추고 있습니다
2 보온 트렌치코트 남성 겨울 2023 신상 양모 혼방 롱 코트는 보온 트렌치코트를 갖추고 있습니다 이 코트는 겨울 워크워치에서 더 뜨거운 몸을 추운 때 편안하게 입을 수 있습니다
3 캐주얼 울 외투 남성 겨울 2023 신상 양모 혼방 롱 코트는 캐주얼 울 외투를 갖추고 있습니다 이 외투는 코트의 디자인과 질서를 높이는 데 도움이 됩니다
4 롱 코트 디자인 남성 겨울 2023 신상 양모 혼방 롱 코트는 롱 코트 디자인을 갖추고 있습니다 이 코트는 겨울 워크워치에서 더 편안하고 추운 때 입을 수 있습니다
5 비즈니스 캐주얼 울 외투 남성 겨울 2023 신상 양모 혼방 롱 코트는 비즈니스 캐주얼 울 외투를 갖추고 있습니다 이 외투는 코트의 디자인과 질서를 높이는 데 도움이 됩니다"
26,겨울 신상 남성용 두꺼운 패딩 점퍼 방풍 방수 후드 큰 사이즈 경량 보온 외투,Detailed Description,"1. 겨울 신상 남성용 두꺼운 패딩 점퍼:          .     -     ,  .                  .
2. 방풍 방수 후드:           .                  .        ,                  .
3. 큰 사이즈 경량 보온 외투:    -,   .             .               ,     .
4. 남성용 두꺼운 패딩 점퍼 방풍 방수 후드:          .           ,          .                  .
5. 경량 보온 외투 큰 사이즈:           .                 ,                .

1 겨울 신상 남성용 두꺼운 패딩 점퍼               -     ,                    
2 방풍 방수 후드                                     ,                  
3 큰 사이즈 경량 보온 외투    -,                               ,     
4 남성용 두꺼운 패딩 점퍼 방풍 방수 후드                     ,                            
5 경량 보온 외투 큰 사이즈                            ,"
27,가정용 스마트 로봇 청소기 자동 무소음 얇은 카펫 바닥 청소기 지능형 스윕 물걸레 일체형 기계,Detailed Description,"1. 가정용 스마트 로봇 청소기 -           .       ,       .
2. 자동 무소음 얇은 카펫 바닥 청소기 -    , ,             .                .
3. 지능형 스윕 물걸레 -    , -           ,  , ,  .               .
4. 일체형 기계 -    , --         , ,   .              .
5. 가정용 스마트 로봇 청소기 지능형 스윕 물걸레 -            .       ,            .

1 가정용 스마트 로봇 청소기 -                  ,       
2 자동 무소음 얇은 카펫 바닥 청소기 -    , ,                             
3 지능형 스윕 물걸레 -    , -           ,  , ,                 
4 일체형 기계 -    , --         , ,                 
5 가정용 스마트 로봇 청소기 지능형 스윕 물걸레 -                   ,"
28,트렌디한 빈티지 양털 외투 2023 겨울 신상 남녀 공용 두꺼운 보온 턴다운 칼라 파일럿 재킷,Related Keywords,"1. 트렌디한 빈티지 ( )
2. 양털 외투 ( )
3. 2023 겨울 ( 2023)
4. 신상 ( )
5. 남녀 공용 (  )
6. �����

1 트렌디한 빈티지  
2 양털 외투  
3 2023 겨울  2023
4 신상  
5 남녀 공용   
6"
29,2024 봄여름 신상 ZARA 여성 프린트 원피스 유럽 미국풍 패션 V넥 하이웨이스트 보헤미안 롱스커트,Product Title,"    ,             '      .     :

🌻 2024 봄여름 신상  여성 프린트 원피스 유럽 미국풍 패션 넥 하이웨이스트 보헤미안 롱스커트



,                        

 2024 봄여름 신상  여성 프린트 원피스 유럽 미국풍 패션 넥 하이웨이스트 보헤미안 롱스커트"
30,【징둥 자영】애플 12 휴대폰 케이스 전체 포장 방추 투명 실리콘 보호 커버 iPhone12ProMax 경량 소프트 케이스,Related Keywords,"1. 징둥 자영 ( ) -  
2. 애플 12 휴대폰 케이스 ( 12  )
3. 전체 포장 ( ) -  
4. 방추 투명 실리콘 보호 ����

1 징둥 자영   -  
2 애플 12 휴대폰 케이스  12  
3 전체 포장   -  
4 방추 투명 실리콘 보호"
31,시상 여성 겨울 신상 푸퍼 자켓 중장형 두꺼운 방수 보온 아우터 후드 대형 모피 칼라 2024년,Detailed Description,"1. 시상 여성 겨울 신상 푸퍼 자켓 (  '   ) -                 .           ,            .        ,                .
2. 중장형 두꺼운 방수 보온 아우터 후드 (    ) -              .              ,              .          , ,  ,               .
3. 2024년 모피 칼라 (2024  ) -             ,           .      -          ,             -.  '         ,      .
4. 대형 모피 칼라 (  ) -                .           ,                   .                ,           - .
5. 시상 여성 겨울 신상 푸퍼 자켓 (  '   ) -                 .           ,            .        ,                .

1 시상 여성 겨울 신상 푸퍼 자켓       -                            ,                    ,                
2 중장형 두꺼운 방수 보온 아우터 후드      -                            ,                        , ,  ,               
3 2024년 모피 칼라 2024   -             ,                 -          ,             -           ,      
4 대형 모피 칼라    -                           ,                                   ,           - 
5 시상 여성 겨울 신상 푸퍼 자켓       -                            ,                    ,"
32,레트로 스타일 가죽 지갑 남성용 짧은 멀티펑션 지퍼 카드 패키지 트렌디한 클러치백 청년용 작고 휴대하기 쉬운 머니 클립,Detailed Description,"1. 레트로 스타일 가죽 지갑: 이 지갑은 최고의 레트로 스타일 가죽 디자인을 보여주는 짧은 멀티펑션 지퍼 카드 패키지입니다. 청년들이 즐겨 사용하는 트렌디한 클러치백 청년용 작고 휴대하기 쉬운 머니 클립이 들어 있습니다.
2. 남성용 짧은 멀티펑션 지퍼 카드 패키지: 이 패키지는 남성들이 즐겨 사용하는 짧은 멀티펑션 지퍼 카드를 포함하고 있습니다. 트렌디한 클러치백 청년용 작고 휴대하기 쉬운 머니 클립이 들어 있습니다.
3. 짧은 멀티펑션 지퍼 카드: 이 카드는 청년들이 즐겨 사용하는 짧은 멀티펑션 지퍼를 포함하고 있습니다. 트렌디한 클러치백 청년용 작고 휴대하기 쉬운 머니 클립이 들어 있습니다.
4. 트렌디한 클러치백 청년용 작고 휴대하기 쉬운 머니 클립: 이 클립은 청년들이 즐겨 사용하는 트렌디한 클러치백을 포함하고 있습니다. 짧은 멀티펑션 지퍼 카드가 들어 있습니다.
5. 청년용 작고 휴대하기 쉬운 머니 클립: 이 클립은 청년들이 즐겨 사용하는 작고 휴대하기 쉬운 머니를 포함하고 있습니다. 짧은 ����������

1 레트로 스타일 가죽 지갑 이 지갑은 최고의 레트로 스타일 가죽 디자인을 보여주는 짧은 멀티펑션 지퍼 카드 패키지입니다 청년들이 즐겨 사용하는 트렌디한 클러치백 청년용 작고 휴대하기 쉬운 머니 클립이 들어 있습니다
2 남성용 짧은 멀티펑션 지퍼 카드 패키지 이 패키지는 남성들이 즐겨 사용하는 짧은 멀티펑션 지퍼 카드를 포함하고 있습니다 트렌디한 클러치백 청년용 작고 휴대하기 쉬운 머니 클립이 들어 있습니다
3 짧은 멀티펑션 지퍼 카드 이 카드는 청년들이 즐겨 사용하는 짧은 멀티펑션 지퍼를 포함하고 있습니다 트렌디한 클러치백 청년용 작고 휴대하기 쉬운 머니 클립이 들어 있습니다
4 트렌디한 클러치백 청년용 작고 휴대하기 쉬운 머니 클립 이 클립은 청년들이 즐겨 사용하는 트렌디한 클러치백을 포함하고 있습니다 짧은 멀티펑션 지퍼 카드가 들어 있습니다
5 청년용 작고 휴대하기 쉬운 머니 클립 이 클립은 청년들이 즐겨 사용하는 작고 휴대하기 쉬운 머니를 포함하고 있습니다 짧은"
33,아디다스 남성화 2023 신제품 러닝화 통기성 메시 경량 스포츠화 패션 캐주얼 여행화 검정색,Product Title,"     :

아디다스 2023 신제품 러닝화 통기성 메시 경량 스포츠화 패션 캐주얼 여행화 검정색

   :

* 아디다스 (

2023           

     

아디다스 2023 신제품 러닝화 통기성 메시 경량 스포츠화 패션 캐주얼 여행화 검정색

   

 아디다스"
34,2023년 신형 스마트워치 멀티 스포츠 버전 블루투스 전화 방수 걸음수 및 심박수 모니터링 남녀공용 검정색,Detailed Description,"1. 신형 스마트워치 멀티 스포츠 버전:           - .       ,     , ,  .           ,   ,      -.
2. 블루투스 전화 방수:       ,           .         ,                 .
3. 걸음수 및 심박수 모니터링:        '      .            ,  ,   .        ' - ,           .
4. 남녀공용 검정색:       -,        .                .
5. 2023년 신형 스마트워치:        ,     .                ,           .

1 신형 스마트워치 멀티 스포츠 버전           -        ,     , ,             ,   ,      -
2 블루투스 전화 방수       ,                    ,                 
3 걸음수 및 심박수 모니터링                          ,  ,            - ,           
4 남녀공용 검정색       -,                        
5 2023년 신형 스마트워치        ,                     ,"
35,남극인 스노우 부츠 여성용 플러시 두꺼운 강추위 방한 두꺼운 밑창 방수 동북 면화 신발 겨울 2023년 신상,Detailed Description,"1. 남극인 스노우 부츠 여성용 플러시 두꺼운 강추위 방한 -     ""-            .      -      ,    2023.""
2. 두꺼운 밑창 방수 -     ""                .          ,     .""
3. 동북 면화 신발 -     ""      ,             .        ,    2023.""
4. 겨울 2023년 신상 -     ""        2023,       .    , , ,  ,             .""
5. 여성용 플러시 -     ""   ,          .      -      ,    2023.""

1 남극인 스노우 부츠 여성용 플러시 두꺼운 강추위 방한 -     -                  -      ,    2023
2 두꺼운 밑창 방수 -                               ,     
3 동북 면화 신발 -           ,                     ,    2023
4 겨울 2023년 신상 -             2023,           , , ,  ,             
5 여성용 플러시 -        ,                -      ,    2023"
36,벨벳 드레스 여성 가을 겨울 신상 고급스러운 분위기 명사 파티 저녁식사용 드레스 슬림핏 날씬해 보이는 긴팔 드레스,Detailed Description,"1. 벨벳 드레스의 여성 가을 겨울 신상 고급스러운 분위기를 확인하는 데 도움이 되는 디자인. 디자인은 저녁식사용 드레스를 위해 고급스러운 분위기를 확인하는 데 필요한 모든 요소를 포함하고 있습니다.
2. 벨벳 드레스의 날씬해 보이는 긴팔 드레스를 볼 수 있는 디자인. 이 디자인은 여성의 몸통을 확인하고 있으며, 날씬해 보이는 긴팔 드레스를 확인하는 데 도움이 됩니다.
3. 벨벳 드레스의 고급스러운 분위기를 확인하는 디자인. 이 디자인은 여성의 외모를 확인하고 있으며, 고급스러운 분위기를 확인하는 데 필요한 모든 요소를 포함하고 있습니다.
4. 벨벳 드레스의 여성 가을 겨울 신상 고급스러운 분위기를 확인하는 디자인. 이 디자인은 여성의 외모를 확인하고 있으며, 고급스러운 분위기를 확인하는 데 필요한 모든 요소를 포함하고 있습니다.
5. 벨벳 드레스의 날씬해 보이는 긴팔 드레스를 볼 수 있는 디자인. 이 디자인은 여성의 몸통을 확인하고 있으며, 날씬해 보이는 긴팔 드레스를 확인하는 데 도움이 됩니다.

:                     ,       - .         ,      ,  - ,        .

1 벨벳 드레스의 여성 가을 겨울 신상 고급스러운 분위기를 확인하는 데 도움이 되는 디자인 디자인은 저녁식사용 드레스를 위해 고급스러운 분위기를 확인하는 데 필요한 모든 요소를 포함하고 있습니다
2 벨벳 드레스의 날씬해 보이는 긴팔 드레스를 볼 수 있는 디자인 이 디자인은 여성의 몸통을 확인하고 있으며, 날씬해 보이는 긴팔 드레스를 확인하는 데 도움이 됩니다
3 벨벳 드레스의 고급스러운 분위기를 확인하는 디자인 이 디자인은 여성의 외모를 확인하고 있으며, 고급스러운 분위기를 확인하는 데 필요한 모든 요소를 포함하고 있습니다
4 벨벳 드레스의 여성 가을 겨울 신상 고급스러운 분위기를 확인하는 디자인 이 디자인은 여성의 외모를 확인하고 있으며, 고급스러운 분위기를 확인하는 데 필요한 모든 요소를 포함하고 있습니다
5 벨벳 드레스의 날씬해 보이는 긴팔 드레스를 볼 수 있는 디자인 이 디자인은 여성의 몸통을 확인하고 있으며, 날씬해 보이는 긴팔 드레스를 확인하는 데 도움이 됩니다

                     ,       -          ,      ,  - ,"
37,여성 롱패딩 2023 신상 대형 퍼 칼라 무릎 아래 길이 두꺼운 보온 겨울 코트 패셔너블하고 우아한 만능,Related Keywords,"1. 여성 ()
2. 롱패딩 ( )
3. 2023 ()
4. 신상 ( )
5. 대형 ()
6. 퍼 ()
7. 칼라 ()
8. 무릎 ()
9. 아래 (

1 여성 
2 롱패딩  
3 2023 
4 신상  
5 대형 
6 퍼 
7 칼라 
8 무릎 
9 아래"
38,봄 신상 여성 후드 티셔츠 2023 캐주얼 스타일 플레인 컬러 지퍼 카디건 긴팔 스포츠 재킷 트렌디,Product Title,": ""   ' 

봄 신상 여성 후드 티셔츠 2023 캐주얼 스타일 플레인 컬러 지퍼 카디건 긴팔 스포츠 재킷 트렌디"
39,검은색 니트 가디건 여성 2023 봄 신상 한국식 루즈핏 캐주얼 긴팔 상의 외투,Detailed Description,"1. 검은색 니트 가디건 여성 2023 봄 신상 한국식 루즈핏 캐주얼 긴팔 상의 외투 (   '    -    - )

      -   -   .  -            ,   -     .            ,        .

2. 올인 한복 여성 2023 봄 신상 한국식 루즈핏 캐주얼 긴팔 상의 외투 (--  '    -    - )

 --          .  -            ,   -     .  --           .

3. 블랙 니트 가디건 여성 2023 봄 신상 한국식 루즈핏 캐주얼 긴팔 상의 외투 (   '    -    - )

            .  -            ,   -     .            ,        .

4. 캐주얼 한복 여성 2023 봄 신상 한국식 루즈핏 긴팔 상의 외투 (-  '       - )

 -          .             ,   -     .  -              .

5. 레디 한복 여성 2023 봄 신상 한국식 루즈핏 캐주얼 긴팔 상의 외투 (  '    -    - )

           .  -        

1 검은색 니트 가디건 여성 2023 봄 신상 한국식 루즈핏 캐주얼 긴팔 상의 외투        -    - 

      -   -     -            ,   -                 ,        

2 올인 한복 여성 2023 봄 신상 한국식 루즈핏 캐주얼 긴팔 상의 외투 --      -    - 

 --            -            ,   -       --           

3 블랙 니트 가디건 여성 2023 봄 신상 한국식 루즈핏 캐주얼 긴팔 상의 외투        -    - 

              -            ,   -                 ,        

4 캐주얼 한복 여성 2023 봄 신상 한국식 루즈핏 긴팔 상의 외투 -         - 

 -                       ,   -       -              

5 레디 한복 여성 2023 봄 신상 한국식 루즈핏 캐주얼 긴팔 상의 외투       -    - 

             -"
40,"지능형 음성 제어 전구, 색온도 조절 가능, 밝기 조절 가능, Alexa 및 Google 홈 지원, LED 에너지 절약 등",Product Title,":

* 지능형 () -               .
* 생활 () -                    .
* 음성

지능형 생활 음성 제어 전구 - ,  홈 지원,  에너지 절약



 지능형  -               
 생활  -                    
 음성"
41,고화질 블루레이 방호 안경 남녀공용 컴퓨터 휴대폰 블루라이트 방사선 눈 보호 안경 2023 신제품,Related Keywords,"1. 고화질 블루레이 방호 안경
	* -    
2. 남녀공용 컴퓨터 휴대폰 블루라이트 방사선 눈 보호 안경
	* -           
3. 2023 신제품
	*    2

1 고화질 블루레이 방호 안경
	 -    
2 남녀공용 컴퓨터 휴대폰 블루라이트 방사선 눈 보호 안경
	 -           
3 2023 신제품
	    2"
42,겨울 두꺼운 패딩 점퍼 남성용 아우터 2023 신상 보온 방풍 후드 큰 사이즈 아웃도어 등산복,Detailed Description,"1. 겨울 두꺼운 패딩 점퍼 -            .     - ,              .        ,         .
2. 남성용 아우터 2023 신상 보온 방풍 -  '              .     ,         .        ,         .
3. 큰 사이즈 아웃도어 등산복 -  -         .     - ,               .        ,         .
4. 후드 큰 사이즈 -  -               .     - ,              .        ,         .
5. 아웃도어 등산복 -          .     - ,               .        ,         .

1 겨울 두꺼운 패딩 점퍼 -                 - ,                      ,         
2 남성용 아우터 2023 신상 보온 방풍 -                     ,                 ,         
3 큰 사이즈 아웃도어 등산복 -  -              - ,                       ,         
4 후드 큰 사이즈 -  -                    - ,                      ,         
5 아웃도어 등산복 -               - ,                       ,"
43,【한정 시간 할인】2023 신모델 스마트 스포츠 시계 심박수 모니터링 다기능 남녀공용 블루투스 연결 걸음수계 수면 모니터링 방수 시계,Detailed Description,"1. 【한정 시간 할인】2023 신모델 스마트 스포츠 시계 -       -    .     ,      , ,     -. ,                 .
2. 심박수 모니터링 -              .  ' , ,   ,                   .
3. 다기능 남녀공용 블루투스 연결 -              .    ,            ,       .
4. 걸음수계 수면 모니터링 -            .    , ,     ,      .
5. 방수 시계 -        ,         .        , '       . ,  -         , ,     .

1 한정 시간 할인2023 신모델 스마트 스포츠 시계 -       -         ,      , ,     - ,                 
2 심박수 모니터링 -                 , ,   ,                   
3 다기능 남녀공용 블루투스 연결 -                  ,            ,       
4 걸음수계 수면 모니터링 -                , ,     ,      
5 방수 시계 -        ,                 ,         ,  -         , ,"
44,새로운 스마트워치 2023 터치 스크린 운동 모니터링 심박수 혈압 수면 추적 다기능 남녀 공용 블루투스 팔찌,Product Title,":

* 새

2023 터치 스크린 운동 모니터링 심박수 혈압 수면 추적 다기능 남녀 공용 블루투스 팔찌 - 새로운 스마트워치



 새"
45,프랑스 봄 신상 여성 샴페인 골드 벨벳 드레스 저녁식사용 고귀하고 우아한 V넥 긴팔 드레스 인기,Product Title,":

* 프랑스 봄 ( ) -                 .
* 신상 ( ) -          

긴팔 드레스 - 프랑스 봄 신상 여성 샴페인 골드 벨벳 드레스 저녁식사용



 프랑스 봄   -                 
 신상   -"
46,복고풍 스타일 청바지 남성 가을 신상 와이드 스트레이트 팬츠 청년 트렌드 베이직 롱팬츠 일본식 복고,Detailed Description,"1. 복고풍 스타일 청바지 남성 가을 신상:      '           .     ,            .      ,          .
2. 와이드 스트레이트 팬츠 청년 트렌드:      -      .         ,         .      ,      .
3. 베이직 롱팬츠 일본식 복고:      ,        .               .      ,          .
4. 청바지 남성 가을 신상 와이드 스트레이트 팬츠:      '       -      .          ,      .              .
5. 일본식 복고 청바지 남성 가을 신상:      '        .           ,         .                .

1 복고풍 스타일 청바지 남성 가을 신상                      ,                  ,          
2 와이드 스트레이트 팬츠 청년 트렌드      -               ,               ,      
3 베이직 롱팬츠 일본식 복고      ,                             ,          
4 청바지 남성 가을 신상 와이드 스트레이트 팬츠             -                ,                    
5 일본식 복고 청바지 남성 가을 신상                         ,"
47,창의적인 다기능 책상 정리함 사무실 학생 문구함 가정용 미니 서랍형 화장품 정리함,Detailed Description,"1. 창의적인 다기능 책상 정리함:       -          .    ,         , ,  ,  .            ,  '   , ,       .
2. 사무실 학생 문구함:     -            .              , , ,  .          ,             .
3. 가정용 미니 서랍형 화장품 정리함:                     .    ,       ,                , , ,  .             .
4. 창의적인 다기능 책상 정리함:       -          .    ,         , ,  ,  .            ,  '   , ,       .
5. 직물 책상 정리함:                    .    ,        ,                , , ,  .            ,             .

1 창의적인 다기능 책상 정리함       -              ,         , ,  ,              ,     , ,       
2 사무실 학생 문구함     -                          , , ,            ,             
3 가정용 미니 서랍형 화장품 정리함                         ,       ,                , , ,               
4 창의적인 다기능 책상 정리함       -              ,         , ,  ,              ,     , ,       
5 직물 책상 정리함                        ,        ,                , , ,              ,"
48,새로운 스마트 청소기 가정용 전자동 로봇 청소기 레이저 내비게이션 멀티 기능 먼지 빨아들이고 쓸고 닦는 일체형 기계,Detailed Description,"1. 새로운 스마트 청소기:           - ,    -     .      ,         ,     .
2. 가정용 전자동 로봇 청소기:          ,       .            -   .
3. 레이저 내비게이션:              ,          .                .
4. 멀티 기능:         - ,          ,   ,              .
5. 일체형 기계:        --   ,             .  '   , ,  ,      .

1 새로운 스마트 청소기           - ,    -           ,         ,     
2 가정용 전자동 로봇 청소기          ,                   -   
3 레이저 내비게이션              ,                          
4 멀티 기능         - ,          ,   ,              
5 일체형 기계        --   ,                  , ,  ,"
49,"새로운 스마트워치는 블루투스 전화, 4G 네트워크, 운동 건강 모니터링, 심박수, 혈압 등 다기능 착용 기기를 지원합니다.",Detailed Description,"1. 새로운 스마트워치를 사용하면 블루투스 전화, 4 네트워크 등의 다양한 기능을 이용할 수 있습니다.
2. 운동 건강 모니터링 기능으로 운동 중 심박수, 혈압 등의 정보를 측정하여 건강한 운동을 증진합니다.
3. 심박수 및 혈압 등의 정보를 분석하여 건강한 운동 패턴을 찾아내어 운동 건강을 향상시킬 수 있습니다.
4. 새로운 스마트워치는 운동 중 심박수, 혈압 등의 정보를 즉시 표시하여 운동 중 실시간 건강 모니터링이 가능합니다.
5. 운동 건강 모니터링 기능과 함께 새로운 스마트워치는 운동 중 심박수, 혈압 등의 정보를 분석하여 건강한 운동 패턴을 찾아내어 운동 건강을 향상시킬 수 있습니다.

1 새로운 스마트워치를 사용하면 블루투스 전화, 4 네트워크 등의 다양한 기능을 이용할 수 있습니다
2 운동 건강 모니터링 기능으로 운동 중 심박수, 혈압 등의 정보를 측정하여 건강한 운동을 증진합니다
3 심박수 및 혈압 등의 정보를 분석하여 건강한 운동 패턴을 찾아내어 운동 건강을 향상시킬 수 있습니다
4 새로운 스마트워치는 운동 중 심박수, 혈압 등의 정보를 즉시 표시하여 운동 중 실시간 건강 모니터링이 가능합니다
5 운동 건강 모니터링 기능과 함께 새로운 스마트워치는 운동 중 심박수, 혈압 등의 정보를 분석하여 건강한 운동 패턴을 찾아내어 운동 건강을 향상시킬 수 있습니다"
50,겨울 신상 남성 패딩 점퍼 두꺼운 보온 스탠드 칼라 심플 패션 대형 아웃도어 등산복 검은색 외투,Product Title,"### :       ,         .

###  : 향수 매력 발란 핑거 반짝 반짝 매력 발란 핑거

  ."
51,2023 신상 경량 다운 재킷 여성용 겨울 보온 아우터 스탠드 칼라 심플 패션 후드 디자인 코트,Product Title,":

*           ,      , ,  .
*           

칼라 심플 패션 후드 디자인 코트 - 2023 신상 경량 다운 재킷 여성용 겨울 보온 아우터 스탠드



           ,      , ,"
52,샤오미 스마트워치 스포츠 버전 다기능 심박수 모니터링 방수 블루투스 전화 GPS 위치 추적 성인 남녀 공용 팔찌,Product Title,"### :       ,         .

###  : 알루   프로 프로파이널 파워 메이크업 키스 ��

  ."
53,전동 스케이트보드 성인 접이식 휴대용 2023 신형 도시 통근 전동차 남녀 공용 고속 충전 경량,Detailed Description,"1. 전동 스케이트 변환기: 이 제품은 전동 스케이트 변환기로, 스케이트 변환기의 반응 능력이 향상되어 충분한 에너지를 공급하여 스케이트를 반응시키는 것을 돕습니다. 이 변환기를 사용하면 스케이트 운동을 더 편리하고 더 빠르게 즐길 수 있습니다.
2. 고속 충전 장치: 이 제품에는 고속 충전 장치가 포함되어 있습니다. 이 장치는 스케이트를 빠르게 충전하여 운동을 지속하는 데 필요한 에너지를 제공합니다. 또한 이 장치를 사용하면 스케이트 반응 능력을 향상시키는 데 도움이 됩니다.
3. 경량 구조: 이 제품은 경량 구조를 갖추고 있습니다. 이 구조는 스케이트를 운동하는 데 필요한 에너지를 최소화하여 운동을 지속하는 데 도움이 됩니다. 또한 경량 구조를 사용하면 스케이트를 더 편리하고 더 빠르게 즐길 수 있습니다.
4. 남녀 공용: 이 제품은 남녀 공용으로 설계되어 있습니다. 이             . 또한 이 제품을 사용하면 스케이트 운동을 더 편리하고 더 즐겁게 즐길 수 있습니다.
5. 2023 신형: 이 제품은 2023 신형으로 설계되어 있습니다. 이              ,               . 또한 이 제품을 사용하면 스케이트 운동을 더 편리하고 더 ��������

1 전동 스케이트 변환기 이 제품은 전동 스케이트 변환기로, 스케이트 변환기의 반응 능력이 향상되어 충분한 에너지를 공급하여 스케이트를 반응시키는 것을 돕습니다 이 변환기를 사용하면 스케이트 운동을 더 편리하고 더 빠르게 즐길 수 있습니다
2 고속 충전 장치 이 제품에는 고속 충전 장치가 포함되어 있습니다 이 장치는 스케이트를 빠르게 충전하여 운동을 지속하는 데 필요한 에너지를 제공합니다 또한 이 장치를 사용하면 스케이트 반응 능력을 향상시키는 데 도움이 됩니다
3 경량 구조 이 제품은 경량 구조를 갖추고 있습니다 이 구조는 스케이트를 운동하는 데 필요한 에너지를 최소화하여 운동을 지속하는 데 도움이 됩니다 또한 경량 구조를 사용하면 스케이트를 더 편리하고 더 빠르게 즐길 수 있습니다
4 남녀 공용 이 제품은 남녀 공용으로 설계되어 있습니다 이              또한 이 제품을 사용하면 스케이트 운동을 더 편리하고 더 즐겁게 즐길 수 있습니다
5 2023 신형 이 제품은 2023 신형으로 설계되어 있습니다 이              ,                또한 이 제품을 사용하면 스케이트 운동을 더 편리하고 더"
54,카툰 애니메이션 책가방 어린이 유치원 배낭 2023 신상품 귀여운 남녀공용 가벼운 방수 학생 서류 가방,Detailed Description,"1. 카툰 애니메이션 책가방 어린이 유치원 배낭:              .        ,         .        ,        .
2. 2023 신상품 귀여운 남녀공용 가벼운 방수:              .        ,      .        ,        .
3. 카툰 애니메이션 책가방 어린이 유치원 배낭:              .        ,         .        ,        .
4. 가벼운 방수 학생 서류 가방:      --    .       ,            .       ,        .
5. 남녀공용 가벼운 방수:      --        .        ,        .         ,      .

1 카툰 애니메이션 책가방 어린이 유치원 배낭                      ,                 ,        
2 2023 신상품 귀여운 남녀공용 가벼운 방수                      ,              ,        
3 카툰 애니메이션 책가방 어린이 유치원 배낭                      ,                 ,        
4 가벼운 방수 학생 서류 가방      --           ,                   ,        
5 남녀공용 가벼운 방수      --                ,                 ,"
55,다기능 스마트워치 남녀 스포츠형 심박수 혈압 모니터링 블루투스 전화 팔찌 iOS 안드로이드와 호환 가능한 풀터치스크린 방수 스마트워치,Related Keywords,"1. 다기능 워치 ( )
2. 남녀 스포츠형 심박수 혈압 모니터 (-      )
3. 블루투스

1 다기능 워치  
2 남녀 스포츠형 심박수 혈압 모니터 -      
3 블루투스"
56,USB 충전 휴대용 주서기 소형 과일 착즙기 학생 기숙사용 전자동 주서기 다기능 가정용,Product Title,":

*                    .
*          ,                       .
*   ,        : "" ,"" "","" "","" "" ,"" "","" ""

  ."
57,2023 신형 애플 MacBook Pro 14인치 M2 칩 16GB 메모리 512GB 저장공간 터치 바 그레이 노트북 컴퓨터,Detailed Description,"2. 14인치 디스플레이에 512 저장공간을 탑재하여 메모리 확장을 지원하고 실제 웹 브라우저 및 애플 앱 등 다양한 애플 서비스에 접근하는 데 필요한 메모리 공간을 충족

3. 새로운 터치 바 그레이 노트북 컴퓨터에서 더욱 편안하고 효율적인 웹 브라우저 및 애플 앱 실행을 지원하는 데 필요한 터치 인터페이스를 확장

4. 새로운 2 칩 기반의 애플 마이크로 프로젝트(1) 기반의 새로운 칩 설계로 최고의 성능 향상을 지원하고 더욱 효융적인 웹 브라우저 및 애플 앱 실행을 지원

5. 새로운 디자인과 새로운 칩 설계를 활용하여 더욱 쉽고 더욱 편안한 웹 브라우저 및 애플 앱 실행을 지원하는 데 필요한 새로운 애플 네이티 앱을 개발하여 새로운 경험을 제공하는 데 필요한 기술 투자를 확장

### :            .

###  : 2023 신형 애플   14인치 2 칩 16 메모리 512 저장공간 터치 바 그레이 노트북 컴퓨터

###  :

1. 새로운 디자인과 새로운 칩 ��

1 새로운 디자인, 애플 마이크로 프로젝트1 기반의 새로운 칩 설계로 최고의 성능 향상

2 14인치 디스플레이에 512 저장공간을 탑재하여 메모리 확장을 지원하고 실제 웹 브라우저 및 애플 앱 등 다양한 애플 서비스에 접근하는 데 필요한 메모리 공간을 충족

3 새로운 터치 바 그레이 노트북 컴퓨터에서 더욱 편안하고 효율적인 웹 브라우저 및 애플 앱 실행을 지원하는 데 필요한 터치 인터페이스를 확장

4 새로운 2 칩 기반의 애플 마이크로 프로젝트1 기반의 새로운 칩 설계로 최고의 성능 향상을 지원하고 더욱 효융적인 웹 브라우저 및 애플 앱 실행을 지원

5 새로운 디자인과 새로운 칩 설계를 활용하여 더욱 쉽고 더욱 편안한 웹 브라우저 및 애플 앱 실행을 지원하는 데 필요한 새로운 애플 네이티 앱을 개발하여 새로운 경험을 제공하는 데 필요한 기술 투자를 확장"
58,라이카 동감 싱글 바이크 2024 모델 자전거 피트니스 트레이닝 조절 가능한 저항 실내 페달 피트니스 자전거,Detailed Description,":                 

1 라이카 동감 싱갤 바이크 2024 모델 자전거
	 최신 기술을 활용한 라이카 동감 싱갤 바이크 2024 모델 자전거는 실내 페달 피트니스 트레이닝 조절 가능한 저항 실내 페달을 갖추고 있습니다
2 라이카 동감 싱갤 바이크 2024 모델 자전거의 실내 페달 피트니스 트레이닝 조절 기능은 실내 페달 피트니스 트레이닝을 최대한 활용하여 변동 없이 실내 페달을 조절할 수 있습니다
3 라이카 동감 싱갤 바이크 2024 모델 자전거의 저항 실내 페달 피트니스 트레이닝 조절 기능은 실내 페달 피트니스 트레이닝을 최대한 활용하여 변동 없이 실내 페달을 조절할 수 있습니다
4 라이카 동감 싱갤 바이크 2024 모델 자전거의 실내 페달 피트니스 트레이닝 조절 기능은 실내 페달 피트니스 트레이닝을 최대한 활용하여 변동 없이 실내 페달을 조절할 수 있습니다
5 라이카 동감 싱갤 바이크 2024 모델 자전거의 실내 페달 피트니스 트레이닝 조절 기능은 실내 페달 피트니스 트레이닝을 최대한 활용하여 변동 없이 실내 페달을 조절할 수 있습니다"
59,유럽 스타일 심플 2023 봄 시즌 신상 여성 실크 원피스 긴팔 V넥 하이웨스트 도트 패턴 드레스 고급 모임복,Detailed Description,"1. 디자인의 매력:       -   .            ,       .
2. 특별한 매쉬:             .  -       ,           .
3. 편안한 형태:             .     -     ,   -         .
4. 독특한 디자인:               .             ,         .
5. 고급 품질:  -           .       ,          .             .

1 디자인의 매력       -               ,       
2 특별한 매쉬               -       ,           
3 편안한 형태                  -     ,   -         
4 독특한 디자인                            ,         
5 고급 품질  -                  ,"
60,화웨이 Mate50 스마트폰 2023 신형 플래그십 버전 키린 칩셋 전 네트워크 호환 5G 스마트폰 초고화질 촬영 듀얼 SIM 대기 긴 배터리 수명,Related Keywords,"1. 화웨이 50 스마트폰
2. 2023 신형 플래그십 버전
3. 키린 칩셋
4. 전 네트워크 호환 

1 화웨이 50 스마트폰
2 2023 신형 플래그십 버전
3 키린 칩셋
4 전 네트워크 호환"
61,새로운 스마트워치 2023 터치스크린 심박수 모니터링 다기능 스포츠 남녀 공용 블루투스 전화 시계 방수,Related Keywords,"1. 워치 ()
2. 2023 (-)
3. 터치스크린 ( )
4. 심박수 ( )
5. 모니터링 ()
6. 다기능 ()
7. 스포츠 ()
8. 남녀 (/)

1 워치 
2 2023 -
3 터치스크린  
4 심박수  
5 모니터링 
6 다기능 
7 스포츠 
8 남녀"
62,스마트워치 멀티펑션 스포츠 2023 신제품 방수 블루투스 전화 시계 심박수 모니터링 건강 관리 운동 추적 스마트 웨어러블 디바이스,Detailed Description,"1. 스마트워치 멀티펑션 스포츠 2023 신제품 방수 블루투스 전화 시계 심박수 모니터링 건강 관리 운동 추적 스마트 웨어러블 디바이스 :    -     .       ,             ,    ,   .      -  ,          . ,    - ,       , ,      .
2. 스마트워치 멀티펑션 스포츠 2023 신제품 방수 블루투스 전화 시계 심박수 모니터링 건강 관리 운동 추적 스마트 웨어러블 디바이스 :                .           ,    ,   .      - ,       , ,      . ,    -  ,          .
3. 스마트워치 멀티펑션 스포츠 2023 신제품 방수 블루투스 전화 시계 심박수 모니터링 건강 관리 운동 추적 스마트 웨어러블 디바이스 :             .           ,    ,   .      - ,       , ,      . ,    -  ,          .
4. 스마트워치 멀티펑션 스포츠 2023 신제품 방수 블루투스 전화 시계 심박수 모니터링 건강 관리 운동 추적 스마트 웨어러블 디바이스 :                 .           ,    ,   .      - ,       , ,    

1 스마트워치 멀티펑션 스포츠 2023 신제품 방수 블루투스 전화 시계 심박수 모니터링 건강 관리 운동 추적 스마트 웨어러블 디바이스     -            ,             ,    ,         -  ,           ,    - ,       , ,      
2 스마트워치 멀티펑션 스포츠 2023 신제품 방수 블루투스 전화 시계 심박수 모니터링 건강 관리 운동 추적 스마트 웨어러블 디바이스                            ,    ,         - ,       , ,       ,    -  ,          
3 스마트워치 멀티펑션 스포츠 2023 신제품 방수 블루투스 전화 시계 심박수 모니터링 건강 관리 운동 추적 스마트 웨어러블 디바이스                         ,    ,         - ,       , ,       ,    -  ,          
4 스마트워치 멀티펑션 스포츠 2023 신제품 방수 블루투스 전화 시계 심박수 모니터링 건강 관리 운동 추적 스마트 웨어러블 디바이스                             ,    ,         - ,       , ,"
63,2023 신형 스마트 팔찌 운동 모니터링 심박수 혈압 수면 추적 다기능 방수 블루투스 시계 남녀 공용,Detailed Description,"1. 신형 스마트 팔찌 운동 모니터링 심박수 혈압 수면 추적 다기능 방수 블루투스 시계:            ,  ,  ,   .     -             .
2. 2023 신형 스마트 팔찌 운동 모니터링 심박수 혈압 수면 추적 다기능 방수 블루투스 시계:            ,  ,  ,   .     -             .
3. 신형 스마트 팔찌 운동 모니터링 심박수 혈압 수면 추적 다기능 방수 블루투스 시계:            ,  ,  ,   .     -             .
4. 2023 신형 스마트 팔찌 운동 모니터링 심박수 혈압 수면 추적 다기능 방수 블루투스 시계:            ,  ,  ,   .     -             .
5. 신형 스마트 팔찌 운동 모니터링 심박수 혈압 수면 추적 다기능 방수 블루투스 시계:            ,  ,  ,   .     -             .

:               .             .

1 신형 스마트 팔찌 운동 모니터링 심박수 혈압 수면 추적 다기능 방수 블루투스 시계            ,  ,  ,        -             
2 2023 신형 스마트 팔찌 운동 모니터링 심박수 혈압 수면 추적 다기능 방수 블루투스 시계            ,  ,  ,        -             
3 신형 스마트 팔찌 운동 모니터링 심박수 혈압 수면 추적 다기능 방수 블루투스 시계            ,  ,  ,        -             
4 2023 신형 스마트 팔찌 운동 모니터링 심박수 혈압 수면 추적 다기능 방수 블루투스 시계            ,  ,  ,        -             
5 신형 스마트 팔찌 운동 모니터링 심박수 혈압 수면 추적 다기능 방수 블루투스 시계            ,  ,  ,        -"
64,"2023년 신형 스포츠 버전 남녀 공용 지능형 시계, 블루투스 전화 터치 스크린 건강 모니터링 방수 다기능 학생용 시계",Related Keywords,"1. 2023 신형 스포츠 시계 (2023   )
2. 남녀 공용 지능형 시계 (     )
3. 블루투스 전화 터치 스크린 (  

1 2023 신형 스포츠 시계 2023   
2 남녀 공용 지능형 시계      
3 블루투스 전화 터치 스크린"
65,화웨이 Mate40 Pro 스마트폰 5G 전국통신 8GB+256GB 세라믹 블랙 커브드 스크린 듀얼 SIM 대기 고화질 카메라 폰,Product Title,":

* 화웨이 ()       .
* 40     

화웨이 40  5 스마트폰 - 8256 세라믹 블랙 커브드 스크린 듀얼  대기 고화질 카메라 폰



 화웨이        
 40"
66,여성 가을 신상 양모 스웨터 긴팔 니트 이너웨어 라운드넥 풀오버 스웨터 패션 심플 2023 가을옷,Product Title,"### : 

여성 가을 신상 양모 스웨터 긴팔 니트 이너웨어 라운드넥 풀오버 스웨터 패션 심플 2023 가을옷        -"
67,별빛 전자 스마트 온도 조절 전기 담요 싱글 더블 두꺼운 보온 방수 겨울 필수 가정용품,Detailed Description,"1. 별빛 전자 스마트 온도 조절 전기 담요 (    ) -          ,                  .
2. 두꺼운 보온 방수 (  ) -     '  ,               .
3. 겨울 필수 가정용품 (-   ) -           ,                 .
4. 싱글 더블 반응 보온 방수 (-   ) -     '   ,               .
5. 별빛 전자 스마트 온도 조절 전기 담요 (    ) -      '  ,                  .

### :           : 생채 추출 물 분말 청정 물 액체 품질 향상 제품 (      )

###  : 생채 추출 물 분말 청정 물 액체 품질 향상 제품 (      )
###  :

1. 생채 추출 물 분말 (   ) -     '           .
2. 청정 물 액체 (  ) -     '             .
3. 품질 향상 제품 (    ) -              ,           .
4. 생채 추출 물 분말 (   ) -      '           .
5. 액체 품질 향상 (     ) -     '           ,     .

1 별빛 전자 스마트 온도 조절 전기 담요      -          ,                  
2 두꺼운 보온 방수    -       ,               
3 겨울 필수 가정용품 -    -           ,                 
4 싱글 더블 반응 보온 방수 -    -        ,               
5 별빛 전자 스마트 온도 조절 전기 담요      -        ,"
68,"창의적인 예술 빈티지 카메라 모양 벽시계, 가정 거실 장식 독특한 사진 애호가 벽시계 2024년 신제품",Product Title,":

*          ,   , ,    ( 

창의적 예술 빈티지 벽시계, 가정 거실 장식 독특한 사진 애호가 벽시계    ,      



          ,   , ,"
69,새로운 스마트워치 2024 남녀공용 스포츠 블루투스 전화 알림 심박수 모니터링 다기능 방수 팔찌,Detailed Description,"1. 새로운 스마트워치 2024 남녀공용 스포츠 블루투스 전화 알림 심박수 모니터링 다기능 방수 팔찌 -                     ,      ,   ,  -  .
2. 새로운 스마트워치 2024 남녀공용 스포츠 블루투스 전화 알림 심박수 모니터링 다기능 방수 팔찌 -         ,    -   ,  ,      50 .
3. 새로운 스마트워치 2024 남녀공용 스포츠 블루투스 전화 알림 심박수 모니터링 다기능 방수 팔찌 -      ,         .       ,   ,  -  ,        .
4. 새로운 스마트워치 2024 남녀공용 스포츠 블루투스 전화 알림 심박수 모니터링 다기능 방수 팔찌 -         ,       ,  ,  -  .                    .
5. 새로운 스마트워치 2024 남녀공용 스포츠 블루투스 전화 알림 심박수 모니터링 다기능 방수 팔찌 -       ,                   .       ,   ,  -  ,        .

1 새로운 스마트워치 2024 남녀공용 스포츠 블루투스 전화 알림 심박수 모니터링 다기능 방수 팔찌 -                     ,      ,   ,  -  
2 새로운 스마트워치 2024 남녀공용 스포츠 블루투스 전화 알림 심박수 모니터링 다기능 방수 팔찌 -         ,    -   ,  ,      50 
3 새로운 스마트워치 2024 남녀공용 스포츠 블루투스 전화 알림 심박수 모니터링 다기능 방수 팔찌 -      ,                ,   ,  -  ,        
4 새로운 스마트워치 2024 남녀공용 스포츠 블루투스 전화 알림 심박수 모니터링 다기능 방수 팔찌 -         ,       ,  ,  -                      
5 새로운 스마트워치 2024 남녀공용 스포츠 블루투스 전화 알림 심박수 모니터링 다기능 방수 팔찌 -       ,                          ,   ,  -  ,"
70,고효율 저소음 공기청정기 가정용 포름알데히드 연기 먼지 꽃가루 알레르기원 스마트 WIFI 제어 삼합일 필터 시스템,Related Keywords,"1. 고효율 청정기 (-  )
2. 저소음 공기청정기 (-  )
3. 가정용 포름알데히드 연기 (   )
4. 먼지 꽃가루 청정기

1 고효율 청정기 -  
2 저소음 공기청정기 -  
3 가정용 포름알데히드 연기    
4 먼지 꽃가루 청정기"
71,야외 알루미늄 합금 접이식 의자 휴대용 경량 피크닉 바비큐 낚시 의자 초경량 문,Product Title,":

* 야외 ()  """"  """"  .
* 알루미늄 ()         .
* 합금 ()  """"  ,      .


야외 알루미늄 합금 접이식 의자       



 야외       
 알루미늄          
 합금     ,"
72,"사쿠라 모모코 만화 키 체인, 귀여운 애니메이션 스타일 크리에이티브 만화 캐릭터 키링, 일본 스타일의 고급 소품 선물",Product Title,":

* 사쿠라 ()  "" ""  ,        .
* 모모코 ()       "" .""
* 만화 ()      ""

-       



 사쿠라      ,        
 모모코         
 만화"
73,여행 배낭 남성 여행용 배낭 2023 신모델 경량 여행 가방 대용량 캐주얼 아웃도어 등산 배낭 여성,Product Title,":

* 여행 배낭 ( )          .
* 캐주얼 () 

2023 최신 여행 배낭 캐주얼 대용량 여행 가방 - 경량 및 캐주얼 등산 배낭 선정



 여행 배낭            
 캐주얼"
74,레트로 홍콩 스타일 2023 신상 여성용 스웨터 라운드넥 루즈핏 긴팔 니트 이너웨어 가을 겨울 시즌 학생용,Detailed Description,"1. 레트로 홍콩 스타일 2023 신상 여성용 스웨터:          / .          ,  ,        .   - ,       .
2. 라운드넥 루즈핏 긴팔 니트 이너웨어:  - -      / .         ,         .         .
3. 가을 겨울 시즌 학생용 스웨터:          / .           ,        .                 .
4. 레트로 홍콩 스타일 2023 신상 여성용 스웨터 라운드넥 루즈핏 긴팔 니트 이너웨어 가을 겨울 시즌 학생용:    -    -   / .            ,         .         .
5. 가을 겨울 시즌 학생용 스웨터 라운드넥 루즈핏 긴팔 니트 이너웨어:  / ' -     .           ,         .        ,           .

1 레트로 홍콩 스타일 2023 신상 여성용 스웨터                     ,  ,           - ,       
2 라운드넥 루즈핏 긴팔 니트 이너웨어  - -                ,                  
3 가을 겨울 시즌 학생용 스웨터                      ,                         
4 레트로 홍콩 스타일 2023 신상 여성용 스웨터 라운드넥 루즈핏 긴팔 니트 이너웨어 가을 겨울 시즌 학생용    -    -                ,                  
5 가을 겨울 시즌 학생용 스웨터 라운드넥 루즈핏 긴팔 니트 이너웨어    -                ,                 ,"
75,면질 인쇄 티셔츠 남성 2023 신모델 간단한 여름 반팔 라운드넥 캐주얼 통기성 스포츠 셔츠 청년,Product Title,":

* 🔥:      .


2023 최신 매질 인쇄 티셔츠 간단한 여름 반팔 라운드넥 캐주얼 통기성 스포츠 셔츠"
76,2023 신형 스마트워치 남녀공용 스포츠 걸음 수 측정 심박수 모니터링 다기능 블루투스 통화 방수 팔찌,Related Keywords,"1. 신형 스마트워치 (   )
2. 남녀공용 (   )
3. 스포츠 걸음 수 측정 (  )
4. 심박수 모니터링 (  )
5. 다기능 블루투

1 신형 스마트워치    
2 남녀공용    
3 스포츠 걸음 수 측정   
4 심박수 모니터링   
5 다기능 블루투"
77,인스풍 크리스마스트리 향초 귀여운 모양 크리스마스 축제 분위기 장식 소품 소규모 선물 대두왁스,Detailed Description,"1. 인스풍 크리스마스트리 향초 귀여운 모양:        -     ,  .          ,              .
2. 크리스마스 축제 분위기 장식:                    .           ,             .
3. 소품 소규모 선물:    ,             .           ,           .
4. 대두왁스:        -     ,  .       ,           .
5. 인스풍 크리스마스트리 향초 귀여운 모양 크리스마스 축제 분위기 장식:      -     ,              .          ,             .

1 인스풍 크리스마스트리 향초 귀여운 모양        -     ,            ,              
2 크리스마스 축제 분위기 장식                               ,             
3 소품 소규모 선물    ,                        ,           
4 대두왁스        -     ,         ,           
5 인스풍 크리스마스트리 향초 귀여운 모양 크리스마스 축제 분위기 장식      -     ,                        ,"
78,2023 신형 스마트워치 남녀공용 심박수 모니터링 다기능 스포츠 모드 블루투스 전화 방수 팔찌,Related Keywords,"1. 신형 스마트워치 (   )
2. 남녀공용 (  ' )
3. 심박수 모니터링 (  )
4. 다기능 스포츠 모드 (-  )
5. 블루투스 전화 ( )
6. 방수 팔

1 신형 스마트워치    
2 남녀공용    
3 심박수 모니터링   
4 다기능 스포츠 모드 -  
5 블루투스 전화  
6 방수 팔"
79,2023 신춘 특집 빨간색 자수 치파오 여성 중국식 레트로 개량판 긴 드레스 설날 모임 의상,Related Keywords,"1. 빨간색 ()
2. 자수 ()
3. 치파오 ()
4. 여성 ()
5. 중국식 (-)
6. 레트로 ()
7. 개러 ()
8. 긴 ()
9. 드레스 ()
10. 설날

1 빨간색 
2 자수 
3 치파오 
4 여성 
5 중국식 -
6 레트로 
7 개러 
8 긴 
9 드레스 
10 설날"
80,대리석 무늬 패션 보온컵 2023 신제품 휴대용 물병 남녀공용 비즈니스 오피스 학생용 스테인리스 컵,Related Keywords,"1. 대리석 무늬 -   
2. 패션 보온컵 -  
3. 2023 신제품 -    2023
4. 휴대용 물병 -   
5. 남녀공용 - -
6. 비즈니스 오피

1 대리석 무늬 -   
2 패션 보온컵 -  
3 2023 신제품 -    2023
4 휴대용 물병 -   
5 남녀공용 - -
6 비즈니스 오피"
81,블루투스 이어폰 무선 2023 신제품 터치 컨트롤 스포츠용 방수 스테레오 노이즈 캔슬링 이어플러그형 애플 안드로이드 호환,Detailed Description,"1. 블루투스 이어폰 무선 2023 신제품 터치 컨트롤 스포츠용 방수 스테레오 노이즈 캔슬링 이어플러그형 애플 안드로이드 호환 (   2023          -     )

               ,   , ,   .                  .          ,           .

2. 블루투스 이어폰 무선 2023 신제품 터치 컨트롤 스포츠용 방수 스테레오 노이즈 캔슬링 이어플러그형 (   2023          )

               .         , ,   ,        .           ,         .

3. 블루투스 이어폰 무선 2023 신제품 터치 컨트롤 스포츠용 방수 스테레오 노이즈 캔슬링 이어플러그형 (   2023          )

               -     .         , ,   ,        .           ,         .

4. 블루투스 이어폰 무선 2023 신제품 터치 컨트롤 스포츠용 방수 스테레오 노이즈 캔슬링 이어플러그형 (   2023          )

               -     .         , ,   ,  

1 블루투스 이어폰 무선 2023 신제품 터치 컨트롤 스포츠용 방수 스테레오 노이즈 캔슬링 이어플러그형 애플 안드로이드 호환    2023          -     

               ,   , ,                               ,           

2 블루투스 이어폰 무선 2023 신제품 터치 컨트롤 스포츠용 방수 스테레오 노이즈 캔슬링 이어플러그형    2023          

                        , ,   ,                   ,         

3 블루투스 이어폰 무선 2023 신제품 터치 컨트롤 스포츠용 방수 스테레오 노이즈 캔슬링 이어플러그형    2023          

               -              , ,   ,                   ,         

4 블루투스 이어폰 무선 2023 신제품 터치 컨트롤 스포츠용 방수 스테레오 노이즈 캔슬링 이어플러그형    2023          

               -              , ,   ,"
82,나이키 AirMax 운동화 남녀공용 통기성 러닝화 경량 쿠션 2023 신제품 블랙 트렌디 스포츠화,Related Keywords,"1. 나이키  운동화 (   )
2. 남녀공용 통기성 러닝화 (    )
3. 경량 쿠션 2023 (  2023)
4. 블랙 트렌디 스포츠화 (  

1 나이키  운동화    
2 남녀공용 통기성 러닝화     
3 경량 쿠션 2023   2023
4 블랙 트렌디 스포츠화"
83,가정용 전자동 스마트 청소 로봇 진공청소기 물걸레 청소 일체형 스윕 물흡수 지면 보호 조용한 충전,Product Title,":

*           ,       .
*            ,            .
*            , 

스마트 청소 로봇 물걸레 청소기 - 가정용 진공청소 및 물흡수 보호 제품



           ,       
            ,            
            ,"
84,실외 스포츠용 방수 걷기 계수기 스마트 팔찌 다기능 스포츠 모드 남녀 공용 블루투스 연결,Detailed Description,"1. 실외 스포츠 방수 걷기 계수기 스마트 팔찌 다기능 스포츠 모드:    , -      .     , ,   ,   -    .     - ,   ,   ,      .
2. 남녀 공용 블루투스 연결:                    .      ,   ,              .
3. 스마트 팔찌 다기능 스포츠 모드:    , -             .      -   , , ,   ,           .
4. 방수 걷기 계수기:               .      ,  ,    .
5. 남녀 공용 블루투스 연결:                    .      ,   ,              .

     !            .

1 실외 스포츠 방수 걷기 계수기 스마트 팔찌 다기능 스포츠 모드    , -           , ,   ,   -         - ,   ,   ,      
2 남녀 공용 블루투스 연결                          ,   ,              
3 스마트 팔찌 다기능 스포츠 모드    , -                   -   , , ,   ,           
4 방수 걷기 계수기                     ,  ,    
5 남녀 공용 블루투스 연결                          ,   ,"
85,가정용 전동 칫솔 전자동 충전식 성인 음파 연모 칫솔 방수 커플용 스마트 칫솔,Related Keywords,"1. 가정용 전동 칫솔 (-  )
2. 전자동 충전식 성인 음파 연모 칫솔 (      )
3. 방수 커플용 스마트 칫솔 (   )
4. 가정용 칫솔 ( )
5. 전기 칫솔 (

1 가정용 전동 칫솔 -  
2 전자동 충전식 성인 음파 연모 칫솔       
3 방수 커플용 스마트 칫솔    
4 가정용 칫솔  
5 전기 칫솔"
86,샤오미 미 밴드 7 프로 스마트 스포츠 워치 심박수 모니터링 다기능 건강 관리 컬러 AMOLED 스크린 긴 배터리 수명,Related Keywords,"1. 샤오미 ()
2. 미 밴드 ( )
3. 7 프로 (7 )
4. 스마트 스포츠 ( )
5. 워치 ()
6. 심박수 ( )
7. 모니터링 ()
8. 다기

1 샤오미 
2 미 밴드  
3 7 프로 7 
4 스마트 스포츠  
5 워치 
6 심박수  
7 모니터링 
8 다기"
87,새로운 스마트워치 2023 멀티펑션 스포츠 남녀 공용 심박수 모니터링 블루투스 전화 방수 대형 스크린,Detailed Description,"1. 새로운 스마트워치 2023 멀티펑션 스포츠 남녀 공용 심박수 모니터링 블루투스 전화 방수 대형 스크린

                 .    -            .          ,         .

2. 새로운 스마트워치 2023 멀티펑션 스포츠 남녀 공용 심박수 모니터링 블루투스 전화 방수 대형 스크린

             .             -     .                  .

3. 새로운 스마트워치 2023 멀티펑션 스포츠 남녀 공용 심박수 모니터링 블루투스 전화 방수 대형 스크린

        ,  -    '     .    -            .          ,         .

4. 새로운 스마트워치 2023 멀티펑션 스포츠 남녀 공용 심박수 모니터링 블루투스 전화 방수 대형 스크린

             .             -     .                  .

5. 새로운 스마트워치 2023 멀티펑션 스포츠 남녀 공용 심박수 모니터링 블루투스 전화 방수 대형 스크린

        ,  -    '     .    -            .          ,         .

1 새로운 스마트워치 2023 멀티펑션 스포츠 남녀 공용 심박수 모니터링 블루투스 전화 방수 대형 스크린

                     -                      ,         

2 새로운 스마트워치 2023 멀티펑션 스포츠 남녀 공용 심박수 모니터링 블루투스 전화 방수 대형 스크린

                          -                       

3 새로운 스마트워치 2023 멀티펑션 스포츠 남녀 공용 심박수 모니터링 블루투스 전화 방수 대형 스크린

        ,  -             -                      ,         

4 새로운 스마트워치 2023 멀티펑션 스포츠 남녀 공용 심박수 모니터링 블루투스 전화 방수 대형 스크린

                          -                       

5 새로운 스마트워치 2023 멀티펑션 스포츠 남녀 공용 심박수 모니터링 블루투스 전화 방수 대형 스크린

        ,  -             -                      ,"
88,가정용 전자동 터치스크린 스마트 커피 머신 일체형 커피콩 분쇄 및 차 추출 다기능 유럽식 커피 장비,Detailed Description,"1. 가정용 전자동 터치스크린 스마트 커피 머신:          , ,          .              ,  , ,  .
2. 일체형 커피콩 분쇄 및 차 추출 다기능 유럽식 커피 장비:             ,     , ,  .                  .
3. 가정용 전자동 터치스크린 스마트 커피 머신:          , ,          .              ,  , ,  .
4. 스마트 커피 머신:          , ,          .              ,  , ,  .
5. 커피콩 분쇄 및 차 추출 다기능 유럽식 커피 장비:             ,     , ,  .                  .

1 가정용 전자동 터치스크린 스마트 커피 머신          , ,                        ,  , ,  
2 일체형 커피콩 분쇄 및 차 추출 다기능 유럽식 커피 장비             ,     , ,                    
3 가정용 전자동 터치스크린 스마트 커피 머신          , ,                        ,  , ,  
4 스마트 커피 머신          , ,                        ,  , ,  
5 커피콩 분쇄 및 차 추출 다기능 유럽식 커피 장비             ,     , ,"
89,2023 봄 신상품 남성용 슬림핏 스키니 청바지 패션 베이직 캐주얼 긴 바지 일상 착용,Product Title,"### :       ,         .

###  : 2023 여름 신제품 여성용 매력적인 큰 목  레즈 옷 코디 색 스타일 변이

  ."
90,여름 통풍 망사 남성화 운동화 캐주얼 경량 편안한 트렌디한 러닝화 남학생용,Product Title,":

*           ,     ' .
*        ,           '  .
*           ,           .
*  

여름 파워 운동화 캐주얼 경량 편안한 트렌디한 러닝화



           ,      
        ,             
           ,"
91,나이키 AirMax 360 | 남성용 러닝화 2024 봄 신상 에어 쿠션 키높이 통풍 운동화,Product Title,"               .       :

나이키  360 | 남성용 러닝화 2024 봄 신상 에어 쿠션 키높이

나이키  360  남성용 러닝화 2024 봄 신상 에어 쿠션 키높이 통풍 운동화

                      

나이키  360  남성용 러닝화 2024 봄 신상 에어 쿠션 키높이"
92,지능형 센서 쓰레기통 가정용 거실 주방 화장실 자동 개폐 방취 전동 친환경 쓰레기통,Related Keywords,"1. 지능형 센서 -  
2. 쓰레기통 -  
3. 가정용 -  
4. 거실 - 
5. 주방 -  
6. 화장실 - 
7. 자동 개폐 -    
8. 방취 - 
9. 전동 - 
10. 친환경

1 지능형 센서 -  
2 쓰레기통 -  
3 가정용 -  
4 거실 - 
5 주방 -  
6 화장실 - 
7 자동 개폐 -    
8 방취 - 
9 전동 - 
10 친환경"
93,운동화 남성 2023 신모델 통기성 러닝화 경량 미끄럼 방지 내마모성 아웃도어 캐주얼 피트니스 트레이닝화,Product Title,"       :

운동화 남성 2023 신모델 통기성 러닝화 경량 미끄럼 방지 내마모성 아웃도어 캐주얼 피트니스 트레이닝화


-   , -   

       

운동화 남성 2023 신모델 통기성 러닝화 경량 미끄럼 방지 내마모성 아웃도어 캐주얼 피트니스 트레이닝화"
94,이케아 북유럽 스타일 실목 식탁 의자 세트 4인용 6인용 현대적 간결한 가정용 소형 주택 식당 가구 세트,Product Title,"     :

이케아 북유럽 스타일 실목 식탁 의자 세트 - 4인용/6

이케아 북유럽 스타일 실목 식탁 의자 세트 - 4인용6인용 현대적 간결한 가정용 소형 주택 식당 가구 세트

     

이케아 북유럽 스타일 실목 식탁 의자 세트 - 4인용6"
95,2023 봄 신상 여성 레이스 셔츠 긴팔 시스루 섹시 블라우스 스탠드칼라 자수 빈티지 스타일 얇은 셔츠,Product Title,"### :

          ,                  .             -,            .

       

  ."
96,【한정판】별하늘 프로젝터 램프 로맨틱 나이트 라이트 USB 충전식 침실 침대 옆 커플 데이트 분위기 조명 조절 가능한 색상,Related Keywords,"1. 별하늘 프로젝터 (- )
2. 램프 로맨틱 ( )
3. 나이트 라이트 ( )
4.  충전식 ( )
5. 침실 침

1 별하늘 프로젝터 - 
2 램프 로맨틱  
3 나이트 라이트  
4  충전식  
5 침실 침"
97,전자동 스마트 청소 로봇 가정용 물걸레 먼지 흡입기 건습식 겸용 청소기,Product Title,"### :       ,         .

###  : 電子動作 スマート ホーム クリーナー ロボット 家庭用 濾過 空気 清掃 システム
###  : 名前: スマート ホーム クリーナー (  

이름 에버릭 스마트 청소 로봇"
98,2023 봄 신상 여성용 롱 드레스 가벼운 통기성 프린트 우아한 V넥 허리끈 슬림핏 일상 착용,Related Keywords,"1. 여성 롱 드레스
2. 가벼운 프린트 드레스
3. 넥 허리끈
4. 슬림핏 드레스
5. 2023 여성 패션
6. 봄 신선 패션
7. 올 시즌 �����

1 여성 롱 드레스
2 가벼운 프린트 드레스
3 넥 허리끈
4 슬림핏 드레스
5 2023 여성 패션
6 봄 신선 패션
7 올 시즌"
99,지능형 블루투스 안경 남녀공용 2023 신제품 블루라이트 차단 보호 안경 음악 전화 멀티 기능 스포츠 선글라스,Product Title,":

*                   .
*               

블루투스 안경 2023 신제품 차단 보호 안경 - 남녀공용, 음악 전화 멀티 기능, 스포츠 선글라스"
100,2023 봄 신상 여성용 핑크색 부드러운 니트 가디건 얇은 V넥 긴팔 스웨터,Product Title,"### :

* 봄 ()  """"  .
* 신상 (-)  "" "".
* 여성 ()  ""'"".
* 핑크색 (-)  """".
* 부드러운 (--)  "" "".


  ."
101,별 우수 수납함 가정용 옷장 의류 옷 이불 정리함 플라스틱 투명 접이식 보관함 수납 상자,Detailed Description,"1. 별 우수 수납함 가정용 옷장:    -     ,     - .       ,        .
2. 의류 옷 이불 정리함:             .            ,          .
3. 플라스틱 투명 접이식 보관함:              .       ,      -      .
4. 수납 상자:               .      - ,           .
5. 가정용 옷장 의류 옷 이불 정리함 플라스틱 투명 접이식 보관함:         ,   -  ,  ,     .            ,        - .

1 별 우수 수납함 가정용 옷장    -     ,     -        ,        
2 의류 옷 이불 정리함                         ,          
3 플라스틱 투명 접이식 보관함                     ,      -      
4 수납 상자                     - ,           
5 가정용 옷장 의류 옷 이불 정리함 플라스틱 투명 접이식 보관함         ,   -  ,  ,                 ,        -"
102,겨울용 두꺼운 남성 다운 자켓 아웃도어 등산복 방풍 방수 보온 대형 스포츠 아우터웨어 신상품 출시,Related Keywords,"1. 겨울 두꺼운 남성 다운 등산복
2. 방풍 방수 보온 대형 스포츠 아우터웨어
3. 신상품 출시 등산복
4. 남성 다운 등산복 방풍

1 겨울 두꺼운 남성 다운 등산복
2 방풍 방수 보온 대형 스포츠 아우터웨어
3 신상품 출시 등산복
4 남성 다운 등산복 방풍"
103,화웨이 Mate50 Pro 스마트폰 기린 9000 칩셋 8GB+256GB 초감광 라이카 쿼드 카메라 전국 통신 5G 스마트폰,Detailed Description,"1. 화웨이 50  스마트폰: 최고의 스마트폰 기린 9000 칩셋과 8+256 초감광 라이카 쿼드 카메라를 탑재하여 최첨단 성능을 갖추고 있습니다. 5 통신 기술을 활용하여 초당 10 속도로 네트워크 활용이 가능하며, 전국 통신 서비스를 제공합니다.
2. 기린 9000 칩셋: 최신 프로세서를 탑재하여 최첨단 성능을 갖추고 있습니다. 8 +256  구성으로 매우 높은 활용 가능性를 갖추고 있으며, 초감광 라이카 쿼드 카메라를 탑재하여 향상된 사진 촬영 특성을 갖추고 있습니다.
3. 8+256 초감광 라이카 쿼드 카메라: 최신 카메라 기술을 탑재하여 향상된 사진 촬영 특성을 갖추고 있습니다. 초감광 라이카 쿼드 카메라를 탑재하여 더 높은 풍부함과 표준을 갖추고 있습니다.
4. 5 스마트폰: 5 통신 기술을 활용하여 초당 10 속도로 네트워크 활용이 가능합니다. 전국 통신 서비스를 제공하여 더 높은 풍부함과 표준을 갖추고 있습니다.
5. 전국 통신 서비스: 5 통신 기술을 활용하여 전국 통신 서비스를 제공합니다. 초당 10 속도로 네트워크 활용이 가능하며, 더 높은 풍부함과 표준을 갖추

1 화웨이 50  스마트폰 최고의 스마트폰 기린 9000 칩셋과 8256 초감광 라이카 쿼드 카메라를 탑재하여 최첨단 성능을 갖추고 있습니다 5 통신 기술을 활용하여 초당 10 속도로 네트워크 활용이 가능하며, 전국 통신 서비스를 제공합니다
2 기린 9000 칩셋 최신 프로세서를 탑재하여 최첨단 성능을 갖추고 있습니다 8 256  구성으로 매우 높은 활용 가능를 갖추고 있으며, 초감광 라이카 쿼드 카메라를 탑재하여 향상된 사진 촬영 특성을 갖추고 있습니다
3 8256 초감광 라이카 쿼드 카메라 최신 카메라 기술을 탑재하여 향상된 사진 촬영 특성을 갖추고 있습니다 초감광 라이카 쿼드 카메라를 탑재하여 더 높은 풍부함과 표준을 갖추고 있습니다
4 5 스마트폰 5 통신 기술을 활용하여 초당 10 속도로 네트워크 활용이 가능합니다 전국 통신 서비스를 제공하여 더 높은 풍부함과 표준을 갖추고 있습니다
5 전국 통신 서비스 5 통신 기술을 활용하여 전국 통신 서비스를 제공합니다 초당 10 속도로 네트워크 활용이 가능하며, 더 높은 풍부함과 표준을 갖추"
104,2023 신상 스포츠 스타일 남성용 러닝화 통기성 메시 경량 캐주얼화 아웃도어 워킹 스포츠화,Related Keywords,"1. 신상 (-) -  
2. 스포츠 () - 
3. 스타일 () - 
4. 남성 () - 
5. 러닝 () - 
6. 통기 () - 
7. 메시 () -  
8. 경량 () - 
9. 캐주얼

1 신상 - -  
2 스포츠  - 
3 스타일  - 
4 남성  - 
5 러닝  - 
6 통기  - 
7 메시  -  
8 경량  - 
9 캐주얼"
105,지능형 세라믹 난방 보온컵 남녀 2023 신제품 빠른 가열 차 물컵 휴대용 여행 컵具 터치,Detailed Description,"1. 지능형 세라믹 난방 보온컵 남녀 2023 신제품 ( -       , 2023  ) -                  ' ,       .      -        ,        .
2. 빠른 가열 차 물컵 (   ) -           ,              .            ,      .
3. 휴대용 여행 컵 (  ) -             .         ,             .      - ,           .
4. 터치 () -         -                  .      -        ,        .
5. 남녀 2023 신제품 (  , 2023  ) -          ,       .      -        ,      .

1 지능형 세라믹 난방 보온컵 남녀 2023 신제품  -       , 2023   -                   ,             -        ,        
2 빠른 가열 차 물컵     -           ,                          ,      
3 휴대용 여행 컵    -                      ,                   - ,           
4 터치  -         -                        -        ,        
5 남녀 2023 신제품   , 2023   -          ,             -        ,"
106,레트로 스타일 남성 가죽 자켓 가을 겨울 더블 라이닝 보온 바이커 재킷 정품 가죽 아우터 젊은이 인기 패션 아이템,Product Title,"'      :

피너 패션 루크 두 계층 추울 가죽 자켓  분리할 수 있는 헤드 코드 젊은이 인기

- -         

      

피너 패션 루크 두 계층 추울 가죽 자켓  분리할 수 있는 헤드 코드 젊은이 인기"
107,보온 유단복 남성 2023 신모델 겨울용 두꺼운 방풍 방수 아웃도어 등산복 북유럽 심플 스타일 외투,Detailed Description,"1. 보온 유단복 남성 2023 신모델 겨울용 두꺼운 방풍 방수 아웃도어 등산복:          ,          .          - ,     .          ,     .       ,  ,      .
2. 북유럽 심플 스타일 외투:         ,        .          ,        .      ,   ,    ,      .         ,        ,          .
3. 방풍 방수 아웃도어 등산복:          ,        .        -   ,           .          ,     .         ,       .
4. 남성 2023 신모델 겨울용 두꺼운 방풍 방수 아웃도어:          ,          .          - ,     .          ,     .       ,  ,      .
5. 등산복 북유럽 심플 스타일:          ,        .          ,        .      ,   ,    ,      .         ,        ,          .

1 보온 유단복 남성 2023 신모델 겨울용 두꺼운 방풍 방수 아웃도어 등산복          ,                    - ,               ,            ,  ,      
2 북유럽 심플 스타일 외투         ,                  ,              ,   ,    ,               ,        ,          
3 방풍 방수 아웃도어 등산복          ,                -   ,                     ,              ,       
4 남성 2023 신모델 겨울용 두꺼운 방풍 방수 아웃도어          ,                    - ,               ,            ,  ,      
5 등산복 북유럽 심플 스타일          ,                  ,              ,   ,    ,               ,        ,"
108,초춘 여성용 얇은 화이트 트렌치코트 긴팔 심플하고 세련된 출근용 OL 스타일 매력적인 라펠 겉옷,Product Title,":

*

초춘 여성용 얇은 화이트 트렌치코트 긴팔 심플하고 세련된 출근용  스타일 매력적인 라펠 겉옷"
109,"지능형 다기능 전자레인지 가정용 터치스크린 정밀 온도 조절 볶음, 삶기, 구이 일체형 요리 기계",Product Title,":

*                   .
*               ,

매력적인 다기능 홈 커뮤니케이션 터치스크린 - 온도 조절, 볶음, 삶기, 구이 등 5가지 기능



                   
               ,"
110,어린이 스마트워치 전화 방수 위치 추적 터치스크린 학생용 다기능 게임 시계 남녀공용 2023 신제품,Related Keywords,"1. 어린이 스마트워치 - '  
2. 전화 방수 -  
3. 위치 추적 -  
4. 터치스크린 -  
5. 다기능 게임 - - 
6. 시계 - 
7. 남녀공용 - 
8.

1 어린이 스마트워치 -   
2 전화 방수 -  
3 위치 추적 -  
4 터치스크린 -  
5 다기능 게임 - - 
6 시계 - 
7 남녀공용 - 
8"
111,2023년 신상 여성용 경량패딩 겨울용 보온 패션 짧은 후드 아우터웨어 학생용 SF배송 포함,Related Keywords,"1. 2023 신상 여성용 경량패딩 ( '    2023)
2. 겨울용 보온 패션 (  )
3. 짧은 후드 아우터웨어 (  )
4. 배송 ( )
5. 학생용 (-)


1 2023 신상 여성용 경량패딩      2023
2 겨울용 보온 패션   
3 짧은 후드 아우터웨어   
4 배송  
5 학생용 -"
112,2023 신형 스마트 로봇 청소기 가정용 전자동 물걸레 청소기 일체형 스마트 청소 로봇,Related Keywords,"1. 신형 스마트 로봇 청소기 (-    )
2. 가정용 전자동 물걸레 청소기 ( -    )
3. 일체형 스마트 청소 로봇 (   )
4. 2023 신형 로봇 청소기 (202

1 신형 스마트 로봇 청소기 -    
2 가정용 전자동 물걸레 청소기  -    
3 일체형 스마트 청소 로봇    
4 2023 신형 로봇 청소기 202"
113,2023 신형 스마트워치 다기능 스포츠형 심박수 모니터링 블루투스 통화 남녀공용 방수 시계,Related Keywords,"1. 신형 스마트워치 (  )
2. 다기능 스포츠형 심박수 모니터링 (-   )
3. 블루투스 통화 ( )
4. 남녀공용 방수 시계 (  '   )
5. 

1 신형 스마트워치   
2 다기능 스포츠형 심박수 모니터링 -   
3 블루투스 통화  
4 남녀공용 방수 시계      
5"
114,"HR헬레나 여성용 신상 2023 샤넬 스타일 체인백, 럭셔리하고 고급스러운 소가죽 소프트백, 원숄더 크로스백",Product Title,":

*         ,    ,  ,  .
*                   

헬레나 여성용 고급 체인백 - 2023 샤넬 스타일 럭셔리 반짝반짝 소가죽 소프트백



         ,    ,  ,"
115,2023년 신형 스마트 블루투스 시계 남성용 스포츠 멀티 기능 건강 모니터링 방수 터치 스크린 학생 트렌드 시계,Product Title,"### :

* 2023 신형 (2023  ) -   

2023 신형 스마트 블루투스 시계 - 남성용 스포츠 멀티 기능 건강 모니터링 방수 터치 스크린 시계"
116,2023 신형 스포츠 다기능 심박수 모니터링 블루투스 전화 GPS 위치 추적 남녀 공용 방수 스마트 웨어러블 디바이스,Product Title,2023 신형 스포츠 다기능 심박수 모니터링 블루투스 전화  위치 추적 남녀 공용 방수 스마트 웨어러블 디바이스    -
117,애플 iPhone 14 스마트폰 신제품 5G 스마트폰 초광각 카메라 야간 모드 듀얼 SIM 대기 2023년 최신 모델 블랙 128GB,Product Title,":

* 애플 ()         .
*  14   

14 5 초광각 카메라 야간 모드 듀얼  대기 - 2023년 최신 모델 블랙 128



 애플          
  14"
118,고화질 방호 휴대폰 케이스 iPhone 13 Pro Max 전체 포장 투명 실리콘 케이스 방추 초박형 경량 2023 신제품,Related Keywords,"1. 고화질 방호 휴대폰 케이스 (-   )
2.  13   전체 포장 (-     13  )
3. 투명 실리콘 케이스 (  )
4. 방추 초박형 경량 (

1 고화질 방호 휴대폰 케이스 -   
2  13   전체 포장 -     13  
3 투명 실리콘 케이스   
4 방추 초박형 경량"
119,가을 신상 남성 니트 스웨터 라운드넥 캐주얼 플레인 이너 셔츠 두꺼운 보온 지퍼 카디건 외투,Related Keywords,"1. 가을 신상 -   
2. 남성 니트 - ' 
3. 스웨터 - 
4. 라운드넥 -  
5. 캐주얼 - 
6. 플레인 - 
7. 이너 - 
8. 셔츠 - 
9. 두꺼

1 가을 신상 -   
2 남성 니트 -  
3 스웨터 - 
4 라운드넥 -  
5 캐주얼 - 
6 플레인 - 
7 이너 - 
8 셔츠 - 
9 두꺼"
120,레트로 스타일 남성용 기계식 손목시계 자동 감기 방수 진짜 가죽 스트랩 비즈니스 캐주얼 시계 남성용,Related Keywords,"1. 레트로 스타일 -  
2. 남성용 - '
3. 기계식 - 
4. 손목시계 - 
5. 자동 감기 -  
6. 방수 - 
7. 진짜 가죽 -  
8. 스트랩 - 
9. 비즈니스 캐

1 레트로 스타일 -  
2 남성용 - 
3 기계식 - 
4 손목시계 - 
5 자동 감기 -  
6 방수 - 
7 진짜 가죽 -  
8 스트랩 - 
9 비즈니스 캐"
121,휴대용 다기능 소형 착즙기 USB 충전 전동 과일 착즙 컵 야외 여행 가정용 미니 주스기,Detailed Description,"1. 휴대용 다기능 소형 착즙기  충전 전동 과일 착즙 컵:    -     -- .        ,          .      -           .
2. 야외 여행 가정용 미니 주스기:          .                   .      -           .
3. 과일 착즙 컵:           .      - ,            .             -      .
4. 휴대용 전동 과일 착즙 컵:         -- .      - ,            .             -      .
5. 가정용 미니 주스기:           .             ,   -    .             -      .

1 휴대용 다기능 소형 착즙기  충전 전동 과일 착즙 컵    -     --         ,                -           
2 야외 여행 가정용 미니 주스기                                   -           
3 과일 착즙 컵                 - ,                         -      
4 휴대용 전동 과일 착즙 컵         --       - ,                         -      
5 가정용 미니 주스기                        ,   -                 -"
122,여성 2023 봄 신상 롱 트렌치코트 더블브레스트 영국 스타일 코트 슬림핏 날씬해 보이는 아우터 여성복,Detailed Description,"1. 새로운 시작! 2023 봄 여성 신상 롱 트렌치코트 더블브레스트 영국 스타일 코트! 날씬해 보이는 아우터 여성복으로 새로운 시작을 알려줍니다. 이 코트는 슬림핏 날씬해 보이는 디자인으로 여성의 몸 형태를 잘 반영합니다. 더블브레스트 구조를 통해 몸을 더 잘 반영하여 여성의 몸 형태를 잘 드러냅니다.
2. 새로운 시작! 2023 봄 여성 신상 롱 트렌치코트 더블브레스트 영국 스타일 코트! 이 코트는 날씬해 보이는 아우터 여성복으로 새로운 시작을 알려줍니다. 슬림핏 날씬해 보이는 디자인으로 여성의 몸 형태를 잘 반영합니다. 더블브레스트 구조를 통해 몸을 더 잘 반영하여 여성의 몸 형태를 잘 드러냅니다.
3. 2023 봄 여성 신상 롱 트렌치코트 더블브레스트 영국 스타일 코트! 이 코트는 날씬해 보이는 아우터 여성복으로 새로운 시작을 알려줍니다. 슬림핏 날씬해 보이는 디자인으로 여성의 몸 형태를 잘 반영합니다. 더블브레스트 구조를 통해 몸을 더 잘 반영하여 여성의 몸 형태를 잘 드러냅니다.
4. 새로운 시작! 2023 봄 여성 신상 롱 트렌치코트 더블브레스트 영국 스타일 코트! 이 코트는 

1 새로운 시작 2023 봄 여성 신상 롱 트렌치코트 더블브레스트 영국 스타일 코트 날씬해 보이는 아우터 여성복으로 새로운 시작을 알려줍니다 이 코트는 슬림핏 날씬해 보이는 디자인으로 여성의 몸 형태를 잘 반영합니다 더블브레스트 구조를 통해 몸을 더 잘 반영하여 여성의 몸 형태를 잘 드러냅니다
2 새로운 시작 2023 봄 여성 신상 롱 트렌치코트 더블브레스트 영국 스타일 코트 이 코트는 날씬해 보이는 아우터 여성복으로 새로운 시작을 알려줍니다 슬림핏 날씬해 보이는 디자인으로 여성의 몸 형태를 잘 반영합니다 더블브레스트 구조를 통해 몸을 더 잘 반영하여 여성의 몸 형태를 잘 드러냅니다
3 2023 봄 여성 신상 롱 트렌치코트 더블브레스트 영국 스타일 코트 이 코트는 날씬해 보이는 아우터 여성복으로 새로운 시작을 알려줍니다 슬림핏 날씬해 보이는 디자인으로 여성의 몸 형태를 잘 반영합니다 더블브레스트 구조를 통해 몸을 더 잘 반영하여 여성의 몸 형태를 잘 드러냅니다
4 새로운 시작 2023 봄 여성 신상 롱 트렌치코트 더블브레스트 영국 스타일 코트 이 코트는"
123,청소년 스포츠 스타일 2024 신상 봄 시즌 후드 티셔츠 세트 남녀 공용 캐주얼 스포츠 팬츠 투피스,Related Keywords,"1. 청소년 스포츠 ( )
2. 2024 신상 ( )
3. 봄 시즌 ( )
4. 후드 티셔츠 ( )
5. 세트 ()
6. 남녀 공용 (   )
7. 캐주얼

1 청소년 스포츠  
2 2024 신상  
3 봄 시즌  
4 후드 티셔츠  
5 세트 
6 남녀 공용    
7 캐주얼"
124,2023 신상 남성용 니트모자 가을겨울 보온 모자 단색 심플 아웃도어 스포츠 스키 모자 두꺼운 양모,Detailed Description,"---

   !            .

1 새롭고 파란색 니트모자 가을겨울 보온 모자
2 심플 아웃 두꺼운 양모 스포츠 스키 모자
3 가을 분위기 느낌 때 즐거운 가을겨울 보온 모자
4 새로운 가을 분위기에 맞춰 새롭고 매력적인 가을겨울 보온 모자
5 양모 두꺼운 스포츠 스키 모자 가을겨울 보온 모자

---"
125,2023 겨울 신상 모직 코트 남성 중장형 양모 아우터 비즈니스 캐주얼 보온 트렌치코트 싱글 브레스트 칼라,Product Title,"---

         :

2023 겨울 신상 모직 코트 남성 중장형 양모 아우터 비즈니스 캐주얼 보온 트�

2023                  

---

         

2023 겨울 신상 모직 코트 남성 중장형 양모 아우터 비즈니스 캐주얼 보온 트"
126,2023 신형 스마트워치 남성용 스포츠 방수 멀티 기능 블루투스 전화 시계 풀터치 스크린 심박수 모니터링 건강 관리 블랙 비즈니스 스타일,Detailed Description,"2. 블루투스 전화 시계 풀터치 스크린
      -     ,       .     -     - ,          .

3. 심박수 모니터링 건강 관리
       -,            .        ,           .

4. 블랙 비즈니스 스타일
                .        , '         .

5. 남성용 스포츠 방수 멀티 기능 블루투스 전화 시계 풀터치 스크린 심박수 모니터링 건강 관리 블랙 비즈니스 스타일
          ,    ,  ,   .     -      ,          ' .        , '                           .

1 신형 스마트워치 남성용 스포츠 방수 멀티 기능
          ,    ,  ,        -      ,           

2 블루투스 전화 시계 풀터치 스크린
      -     ,            -     - ,          

3 심박수 모니터링 건강 관리
       -,                    ,           

4 블랙 비즈니스 스타일
                        ,          

5 남성용 스포츠 방수 멀티 기능 블루투스 전화 시계 풀터치 스크린 심박수 모니터링 건강 관리 블랙 비즈니스 스타일
          ,    ,  ,        -      ,                   ,"
127,33색 인조 크림 젤 DIY 재료 팩 수공예 드립 젤 레진 액세서리 소품 수제 휴대폰 케이스 만들기,Related Keywords,"1. 33색 인조 크림 -  크림 제작
2. 젤 드립 - 젤 제작 팩
3. 수공예 드립 - 수공예 팩
4. 액세서리 소품 - 액세서리 제작
5. 수제 휴대��

1 33색 인조 크림 -  크림 제작
2 젤 드립 - 젤 제작 팩
3 수공예 드립 - 수공예 팩
4 액세서리 소품 - 액세서리 제작
5 수제 휴대"
128,샤오미 소미 스마트워치 Color 2 스포츠 버전 멀티펑션 건강 모니터링 풀 터치 스크린 심박수 혈중 산소 수면 모니터링 손목 밴드,Detailed Description,"1. 샤오미 소미 스마트워치  2 스포츠 버전 멀티펑션 건강 모니터링:         ,       ,   ,  ,   .           ,          .
2. 풀 터치 스크린 심박수 혈중 산소 수면 모니터링:                ,       .  -          ,              .
3. 심박수 혈중 산소 수면 모니터링:    -        ,                .      ,        .
4. 손목 밴드:         ,          .            ,          .
5. 건강 모니터링 풀 터치 스크린:            ,   ,   ,   .  -          ,              .

1 샤오미 소미 스마트워치  2 스포츠 버전 멀티펑션 건강 모니터링         ,       ,   ,  ,              ,          
2 풀 터치 스크린 심박수 혈중 산소 수면 모니터링                ,         -          ,              
3 심박수 혈중 산소 수면 모니터링    -        ,                      ,        
4 손목 밴드         ,                      ,          
5 건강 모니터링 풀 터치 스크린            ,   ,   ,     -          ,"
129,겨울용 두꺼운 남성용 방풍 방수 보온 외투 아웃도어 스키 재킷 스탠드 칼라 후드 톱,Product Title,"### :       ,         .

###  :플로팅 패션 워커 레이스 복장 액세스 프레쉬 버튼 케이프 ����

  ."
130,"【심플 모던】2023 봄 시즌 신상 남성 비즈니스 캐주얼 바지 순색 일자핏 롱팬츠, 사무실 일상 착용에 적합",Related Keywords,"1. 심플 모던 ( )
2. 2023 봄 시즌 ( 2023)
3. 신상 남성 ( ' )
4. 비즈니스 캐주얼 ( )
5. 바지 ()
6. 순색 ()
7. 

1 심플 모던  
2 2023 봄 시즌  2023
3 신상 남성   
4 비즈니스 캐주얼  
5 바지 
6 순색 
7"
131,애완견 간식 천연 닭 가슴살 건조 훈련 보상 저지방 건강 소형견 간식 대,Detailed Description,"1. 애완견 간식 천연 닭 가슴살 건조 훈련 보상 저지방 건강 소형견 간식 대 (        )
           .   100%  ,                '  .                  .      ,          .
2. 천연 닭 가슴살 건조 훈련 보상 저지방 건강 소형견 간식 대 (       )
          ?         .   100%   ,            .                  . ,     ,          .
3. 애완견 간식 천연 닭 가슴살 건조 훈련 보상 저지방 건강 소형견 간식 대 (        )
          .   100%  ,                '  .                  . ,     ,          .
4. 천연 닭 가슴살 건조 훈련 보상 저지방 건강 소형견 간식 대 (       )
          ?         .   100%   ,            .                  . ,     ,          .
5. 애완견 간식 천연 닭 가슴살 건조 훈련 보상 저지방 건강 소형견 간식 대 (        )
               .   100%  ,         '  .                  . ,    

1 애완견 간식 천연 닭 가슴살 건조 훈련 보상 저지방 건강 소형견 간식 대         
              100  ,                                          ,          
2 천연 닭 가슴살 건조 훈련 보상 저지방 건강 소형견 간식 대        
                      100   ,                               ,     ,          
3 애완견 간식 천연 닭 가슴살 건조 훈련 보상 저지방 건강 소형견 간식 대         
             100  ,                                     ,     ,          
4 천연 닭 가슴살 건조 훈련 보상 저지방 건강 소형견 간식 대        
                      100   ,                               ,     ,          
5 애완견 간식 천연 닭 가슴살 건조 훈련 보상 저지방 건강 소형견 간식 대         
                  100  ,                              ,"
132,전자레인지 오븐 일체형 가정용 스마트 다기능 예약 베이킹 기계 자동 소형 전기 오븐 에어프라이어 조합,Product Title,"### :

        ,   .   , ""블레이드 넥타이 스마트 다기능 예약 베이킹 기계

블레이드 넥타이 스마트 다기능 예약 베이킹 기계    -"
133,전자동 스마트 청소 로봇 가정용 정숙형 진공청소기 물걸레 청소 일체형 스위퍼 경로 계획 대용량,Detailed Description,"1 청소 로봇의 물걸레 청소 기능은 집을 정숙하게 청소하는데 필요한 물과 질을 가지고 있습니다 이 기능은 집의 모든 청소를   할 수 있습니다
2 스위퍼 경로 계획 기능은 집의 모든 청소를 최적화 하여 집의 모든 청소를 효율적으로 처리하는 데 필요한 경로를 계획합니다 이 기능은 집의 모든 청소를 최적화 하여 집의 모든 청소를 효율적으로 처리합니다
3 대용량 청소 기능은 집의 모든 청소를   하여 집의 모든 청소를 효율적으로 처리하는 데 필요한 물과 질을 가지고 있습니다 이 기능은 집의 모든 청소를 최적화 하여 집의 모든 청소를 효율적으로 처리합니다
4 진공청소기 물걸레 청소 기능은 집의 모든 청소를   하여 집의 모든 청소를 효율적으로 처리하는 데 필요한 물과 질을 가지고 있습니다 이 기능은 집의 모든 청소를 최적화 하여 집의 모든 청소를 효율적으로 처리합니다
5 정숙형 진공청소기 물걸레 청소 기능은 집의 모든 청소를   하여 집의 모든 청소를 효율적으로 처리하는 데 필요한 물과 질을 가지고 있습니다 이 기능은 집의 모든 청소를 최적화 하여 집의 모든 청소를"
134,봄 신상 일본 스타일 빈티지 코튼 데님 재킷 남성 캐주얼 오버사이즈 탑 젊은이 패션 트렌드 자켓,Detailed Description,"1. 봄의 신선한 느낌을 살린 빈티지 코튼 데님 재킷! 이 재킷은 올 년도의 남성 캐주얼 트렌드를 반영하여 새롭고 젊은이 패션을 발휘합니다. 밝은 색과 편안한 느낌을 지닌 봄의 신선한 느낌을 살린 이 재킷은 여름 때 즐거움을 느낄 수 있는 가장 좋은 선택입니다.
2. 일본 스타일의 멋진 빈티지 코튼 데님 재킷! 이 재킷은 멋진 느낌을 살린 일본 스타일의 패션을 반영하여 젊은이 패션 트렌드를 발휘합니다. 밝은 색과 편안한 느낌을 지닌 이 재킷은 여름 때 즐거움을 느낄 수 있는 가장 좋은 선택입니다.
3. 데님 재킷에 새로운 패션을 느낄 수 있는 코튼 데님 재킷! 이 재킷은 젊은이 패션 트렌드를 반영하여 뉴 올 년도의 멋진 느낌을 살린 봄의 신선한 느낌을 살린 이 재킷은 여름 때 즐거움을 느낄 수 있는 가장 좋은 선택입니다.
4. 코튼 데님 재킷에 뉴 올 년도의 패션을 느낄 수 있는 남성 캐주얼 재킷! 이 재킷은 젊은이 패션 트렌드를 반영하여 뉴 올 년도의 멋진 느낌을 살린 봄의 신선한 느낌을 살린 이 재킷은 여름 때 즐거움을 느낄 수 있는

1 봄의 신선한 느낌을 살린 빈티지 코튼 데님 재킷 이 재킷은 올 년도의 남성 캐주얼 트렌드를 반영하여 새롭고 젊은이 패션을 발휘합니다 밝은 색과 편안한 느낌을 지닌 봄의 신선한 느낌을 살린 이 재킷은 여름 때 즐거움을 느낄 수 있는 가장 좋은 선택입니다
2 일본 스타일의 멋진 빈티지 코튼 데님 재킷 이 재킷은 멋진 느낌을 살린 일본 스타일의 패션을 반영하여 젊은이 패션 트렌드를 발휘합니다 밝은 색과 편안한 느낌을 지닌 이 재킷은 여름 때 즐거움을 느낄 수 있는 가장 좋은 선택입니다
3 데님 재킷에 새로운 패션을 느낄 수 있는 코튼 데님 재킷 이 재킷은 젊은이 패션 트렌드를 반영하여 뉴 올 년도의 멋진 느낌을 살린 봄의 신선한 느낌을 살린 이 재킷은 여름 때 즐거움을 느낄 수 있는 가장 좋은 선택입니다
4 코튼 데님 재킷에 뉴 올 년도의 패션을 느낄 수 있는 남성 캐주얼 재킷 이 재킷은 젊은이 패션 트렌드를 반영하여 뉴 올 년도의 멋진 느낌을 살린 봄의 신선한 느낌을 살린 이 재킷은 여름 때 즐거움을 느낄 수 있는"
135,새해 맞이 기쁨을 담은 레드 보틀 향수 여성용 2024년 신상 플로럴 향 지속적이고 상쾌하며 은은한 일상용 럭셔리 향기,Related Keywords,"1. 새해 맞이 기쁨 -  ' 
2. 레드 보틀 향수 -   
3. 여성용 -  
4. 2024년 신상 플로럴 - 2024  
5. 향기 - 
6. 지����

1 새해 맞이 기쁨 -   
2 레드 보틀 향수 -   
3 여성용 -  
4 2024년 신상 플로럴 - 2024  
5 향기 - 
6 지"
136,애플 iPhone14 스마트폰 전국 통신 신모델 스마트폰 2023 플래그십 새로운 색상 사진 게임 전용 폰,Product Title,":

* 애플 ()    -   ,           .
*  14      ,         .
* 5     

14 5 신모델 새로운 색상 스마트폰 - 2023 플래그십 게임 전용



 애플     -   ,           
  14      ,         
 5"
137,2023 신상 스포츠 캐주얼화 남성용 통기성 메쉬 경량 러닝화 패션 트렌디 다용도 스포츠화,Product Title,":

* 신상 (-) -  
* 스포츠 (-) - 
* 캐주얼 (--) - 
* 통기성 (--) - 
* 메쉬 (-) - 
* 경량 (-

2023          



 신상 - -  
 스포츠 - - 
 캐주얼 -- - 
 통기성 -- - 
 메쉬 - - 
 경량 -"
138,여성 겨울 다운 자켓 경량형 짧은 스타일 패션 보온 코트 2023 신상품 후드 탈착 가능한 모자 디자인 화이트,Product Title,":

*           ,     

2023 최신 여성 겨울 다운 보온 코트 - 경량형 짧은 스타일 패션 후드 탈착 가능한 모자 디자인 



           ,"
139,여성용 2023 겨울 중장형 무릎을 넘는 스탠드 칼라 패션 심플 두꺼운 패딩 코트 패딩 점퍼 트렌디,Related Keywords,"1. 여성용 겨울 스탠드 - '  
2. 2023 스탠드 - 2023 
3. 중장형 무릎 스탠드 - - 
4. 칼라 패션 심플 -   
5. ����

1 여성용 겨울 스탠드 -   
2 2023 스탠드 - 2023 
3 중장형 무릎 스탠드 - - 
4 칼라 패션 심플 -   
5"
140,레고 스타워즈 시리즈 어린이 교육 퍼즐 조립 장난감 선물세트 정품 2023 신제품 컬렉션 에디션,Detailed Description,"1. 레고 스타워즈 시리즈 어린이 교육 퍼즐 조립 장난감 선물세트 정품 2023 신제품 컬렉션 에디션

이 제품은 레고 스타워즈 시리즈의 어린이 교육 퍼즐 조립 장난감 선물세트입니다. 이 세트는 2023 신제품 컬렉션 에디션으로, 최신 테크놀로지와 최고의 품질을 보장합니다. 이 세트에는 다양한 레고 스타워즈 시리즈의 장난감들이 포함되어 있으며, 어린이의 실제 활동에 적합합니다. 이 제품은 어린이의 실제 활동에 적합하여 즐거움과 재밌는 놀이를 제공합니다.

2. 레고 스타워즈 시리즈 어린이 교육 퍼즐 조립 장난감 선물세트 정품 2023 신제품 컬렉션 에디션 - 초보자 가이드

이 제품은 레고 스타워즈 시리즈의 어린이 교육 퍼즐 조립 장난감 선물세트입니다. 이 세트는 2023 신제품 컬렉션 에디션으로, 초보자를 위한 가이드를 포함하여 최상의 품질을 보장합니다. 이 세트에는 다양한 레고 스타워즈 시리즈의 장난감들이 포함되어 있으며, 어린이의 실제 활동에 적합합니다. 이 제품은 어린이의 실제 활동에 적합하여 즐거움과 재밌는 놀이를 제공합니다.

3. 레고 스타워즈 시리즈 어린이 교육 퍼즐 조립 장난감 선물

1 레고 스타워즈 시리즈 어린이 교육 퍼즐 조립 장난감 선물세트 정품 2023 신제품 컬렉션 에디션

이 제품은 레고 스타워즈 시리즈의 어린이 교육 퍼즐 조립 장난감 선물세트입니다 이 세트는 2023 신제품 컬렉션 에디션으로, 최신 테크놀로지와 최고의 품질을 보장합니다 이 세트에는 다양한 레고 스타워즈 시리즈의 장난감들이 포함되어 있으며, 어린이의 실제 활동에 적합합니다 이 제품은 어린이의 실제 활동에 적합하여 즐거움과 재밌는 놀이를 제공합니다

2 레고 스타워즈 시리즈 어린이 교육 퍼즐 조립 장난감 선물세트 정품 2023 신제품 컬렉션 에디션 - 초보자 가이드

이 제품은 레고 스타워즈 시리즈의 어린이 교육 퍼즐 조립 장난감 선물세트입니다 이 세트는 2023 신제품 컬렉션 에디션으로, 초보자를 위한 가이드를 포함하여 최상의 품질을 보장합니다 이 세트에는 다양한 레고 스타워즈 시리즈의 장난감들이 포함되어 있으며, 어린이의 실제 활동에 적합합니다 이 제품은 어린이의 실제 활동에 적합하여 즐거움과 재밌는 놀이를 제공합니다

3 레고 스타워즈 시리즈 어린이 교육 퍼즐 조립 장난감 선물"
141,2023 봄 시즌 신상 남성용 스키니 진 스트레치 슬림핏 청바지 경량 패션 베이직 블루색,Product Title,"### :

* 봄 ()  """"  .
* 블루 ()  """"  .
* 슬림핏 ()  "" ""  

봄 블루 슬림핏 청바지 경량 패션 베이직 블루색"
142,고룡수 남성 향수 지속적인 라이트 프레쉬 타입 50ml 남자친구 선물,Detailed Description,"1. 매력적인 고룡수 남성 향수 -              .
2. 즐거운 남성 향수 -            -        .
3. 고룡수 남성 향수 -                  .
4. 창의적인 남성 향수 -               ,    .
5. 매력적인 남성 향수 -                .

1 매력적인 고룡수 남성 향수 -              
2 즐거운 남성 향수 -            -        
3 고룡수 남성 향수 -                  
4 창의적인 남성 향수 -               ,    
5 매력적인 남성 향수 -"
143,선글라스 남성용 편광 2023 신제품 드라이브용 아웃도어 스포츠 방풍 자외선 차단 안경,Product Title,":

* 🔥:               .
* 남성용:   ""'""  .
* 편광:   """"

2023    남성용 편광 드라이브용 아웃도어 스포츠 방풍 자외선 안경 - 최고의 특별한 경험



                
 남성용     
 편광"
144,여성 겨울용 두꺼운 모직 롱 코트 무릎을 넘는 양모 외투 2023 신상 패션 슬림핏 트렌치코트,Related Keywords,"1. 여성 겨울용 두꺼운 모직 롱 코트 ('   )
2. 무릎을 넘는 양모 외투 (   -)
3. 2023 신상 패션 슬림핏 

1 여성 겨울용 두꺼운 모직 롱 코트    
2 무릎을 넘는 양모 외투    -
3 2023 신상 패션 슬림핏"
145,"지능형 음성 제어 전구, 색온도 조절 가능, 밝기 조절 가능, Alexa 및 Google 홈 지원, LED 에너지 절약 등",Detailed Description,"1. 지능형 음성 제어 전구: 이 제품은 지능형 음성 제어 기술을 활용하여 음성 명령으로 전구를 조절할 수 있습니다. 예를 들어, ""밝기를 줄이세요""라는 음성 명령으로 전구의 밝기를 줄일 수 있습니다.
2. 색온도 조절 가능: 이 제품은 색온도를 조절하여 낮은 온도에서 온도를 조절할 수 있습니다. 예를 들어, 색온도를 20度로 조절하여 실내 환경을 온순하게 유지할 수 있습니다.
3.  에너지 절약: 이 제품은  등의 에너지 절약 기술을 활용하여 에너지 절약을 위해 전구의 에너지 사용량을 줄일 수 있습니다. 예를 들어, 전구의 에너지 사용량을 50%로 줄일 수 있습니다.
4.  및  홈 지원: 이 제품은  및  홈 기술을 활용하여 음성 명령으로 전구를 조절할 수 있습니다. 예를 들어, ""밝기를 줄이세요""라는 음성 명령으로 전구의 밝기를 줄일 수 있습니다.
5. 밝기 조절 가능: 이 제품은 밝기를 조절하여 낮은 밝기에서 밝기를 조절할 수 있습니다. 예를 들어, 밝기를 50%로 조절하여 실내 환경을 온순하게 유지할 수 있습니다.

1 지능형 음성 제어 전구 이 제품은 지능형 음성 제어 기술을 활용하여 음성 명령으로 전구를 조절할 수 있습니다 예를 들어, 밝기를 줄이세요라는 음성 명령으로 전구의 밝기를 줄일 수 있습니다
2 색온도 조절 가능 이 제품은 색온도를 조절하여 낮은 온도에서 온도를 조절할 수 있습니다 예를 들어, 색온도를 20로 조절하여 실내 환경을 온순하게 유지할 수 있습니다
3  에너지 절약 이 제품은  등의 에너지 절약 기술을 활용하여 에너지 절약을 위해 전구의 에너지 사용량을 줄일 수 있습니다 예를 들어, 전구의 에너지 사용량을 50로 줄일 수 있습니다
4  및  홈 지원 이 제품은  및  홈 기술을 활용하여 음성 명령으로 전구를 조절할 수 있습니다 예를 들어, 밝기를 줄이세요라는 음성 명령으로 전구의 밝기를 줄일 수 있습니다
5 밝기 조절 가능 이 제품은 밝기를 조절하여 낮은 밝기에서 밝기를 조절할 수 있습니다 예를 들어, 밝기를 50로 조절하여 실내 환경을 온순하게 유지할 수 있습니다"
146,겨울용 두꺼운 보온 남성용 다운 재킷 2023 신상품 아웃도어 등산 방풍 방수 후드 재킷 남성복,Product Title,":

* 겨울 ()              .
* 두꺼운 ()          

겨울 두꺼운 보온 남성 다운 재킷 2023 신상품 아웃도어 등산 방풍 방수 후드 재킷



 겨울               
 두꺼운"
147,새로운 스마트 청소기 로봇 자동으로 바닥을 닦고 세척하는 다기능 일체형 기계 원격 조작,Detailed Description,"                        .   - ,      ,  , ,    .          ,             .

2. 다기능 일체형 기계로 바닥을 닦고 세척하는 새로운 스마트 청소기 로봇

              - .        ,             .            ,           .

3. 스마트 청소기 로봇으로 바닥을 닦고 세척하는 새로운 다기능 일체형 기계

       -              .                    .             ,      - .

4. 새로운 스마트 청소기 로봇이 바닥을 닦고 세척하는 다기능 일체형 기계

       -              .                    .             ,      - .

5. 높은 효율과 능률을 지닌 새로운 스마트 청소기 로봇으로 바닥을 닦고 세척하는 다기능 일체형 기계

                        .  -        ,  , ,    .         ,             .     -   .

1 높은 효율과 능률을 지닌 새로운 스마트 청소기 로봇

                           - ,      ,  , ,              ,             

2 다기능 일체형 기계로 바닥을 닦고 세척하는 새로운 스마트 청소기 로봇

              -         ,                         ,           

3 스마트 청소기 로봇으로 바닥을 닦고 세척하는 새로운 다기능 일체형 기계

       -                                               ,      - 

4 새로운 스마트 청소기 로봇이 바닥을 닦고 세척하는 다기능 일체형 기계

       -                                               ,      - 

5 높은 효율과 능률을 지닌 새로운 스마트 청소기 로봇으로 바닥을 닦고 세척하는 다기능 일체형 기계

                          -        ,  , ,             ,                  -"
148,두꺼운 남성용 바지 겨울 양털 직선형 캐주얼 긴바지 보온 방풍 방수 스노우 조거 팬츠,Product Title,":

* 두꺼운 (-) - 
* 남성용 (--) - '
* 바지 (-) - 
* 겨울 (-) - 
* 양털 (-) - 

두꺼운 - - 
 남성용 -- - 
 바지 - - 
 겨울 - - 
 양털 - -"
149,캐주얼 긴 바지 남성용 봄가을겨울 2023 신상 트렌디 와이드핏 스트레치 남학생 기모 운동복,Product Title,"      :

캐주얼 긴 바지 남성용 봄가을겨울 2023 신상 

캐주얼 긴 바지 남성용 봄가을겨울 2023 신상 트렌디 와이드핏 스트레치 남학생 기모 운동복

      

캐주얼 긴 바지 남성용 봄가을겨울 2023 신상"
150,전자동 스마트 로봇 청소기 가정용 물걸레 청소기 진공청소기 일체형 스윕 먼지 흡입 및 닦기 3-in-1 저소음 충전식,Product Title,":

* 쉽고 () -             .
*

쉽고 편안한 가정용 3--1 스마트 로봇 청소기 - 물걸레 청소기, 진공청소기, 먼지 흡입 및 닦기



 쉽고  -"
151,다기능 야외 휴대용 접이식 의자 초경량 알루미늄 합금 낚시 의자 휴대용 캠핑 의자 접이식 가능,Related Keywords,"1. 야외 휴대용 의자 -   
2. 접이식 의자 -  
3. 초경량 알루미늄 합금 의자 -   
4. 낚시 의자 -  
5. 휴대용 캠핑 의자 -   
6. 

1 야외 휴대용 의자 -   
2 접이식 의자 -  
3 초경량 알루미늄 합금 의자 -   
4 낚시 의자 -  
5 휴대용 캠핑 의자 -   
6"
152,2023 신형 스마트홈 음성 제어 천장등 전체 주택 스마트 조명 시스템 LED 에너지 절약 조명 장비,Product Title,":

*         .
*                       .
*             (

새로운 스마트 홈 음성 제어 천장등 전체 주택 스마트 조명 시스템  에너지 절약 조명 장비 - 2023 신형"
153,프랑스 샤넬 클래식 램스킨 퀼트 체인 백 파리 한정판 여성용 크로스백,Product Title,"### :       ,         .

###  : 러시아 알렉세이 프레쉬 베이 �����

프랑스 샤넬 클래식 램스킨 퀼트 체인 백 파리 한정판 여성용 크로스백"
154,디즈니 정품 미키 카툰 패턴 어린이 배낭 귀여운 다기능 학생 책가방 경량 여행 가방,Related Keywords,"1. 디즈니 정품 ( )
2. 미키 카툰 ( )
3. 어린이 배낭 (' )
4. 귀여운 다기능 (  -)
5. 학생 책가방 ( )
6. 경량 여행 가방 (

1 디즈니 정품  
2 미키 카툰  
3 어린이 배낭  
4 귀여운 다기능   -
5 학생 책가방  
6 경량 여행 가방"
155,"페라리 레드 스포츠카 모형 자동차 수집판 1:18 스케일 다이캐스트 모델, 문 열림 기능, 합금 자동차 모형 장난감 선물",Product Title,":

*         ,        1:18  - ,     ,     .
*      

페라리 레드 스포츠카 모형 118 스케일 다이캐스트 모델



         ,        118  - ,     ,"
156,카툰 프린트 소년 티셔츠 2023 봄 신상 어린이 상의 순면 라운드넥 반팔 베이비 의류 남자,Detailed Description,"         ' -   2023,    .  -       ,       .         -      ,       .      ,         .

2. 카툰 프린트 소년 티셔츠 2023 봄 신상 어린이 상의 순면 라운드넥 반팔 베이비 의류 남자

         ' -   2023,    .  -       ,       .         -      ,       .      ,         .

3. 카툰 프린트 소년 티셔츠 2023 봄 신상 어린이 상의 순면 라운드넥 반팔 베이비 의류 남자

         ' -   2023,    .  -       ,       .         -      ,       .      ,         .

4. 카툰 프린트 소년 티셔츠 2023 봄 신상 어린이 상의 순면 라운드넥 반팔 베이비 의류 남자

         ' -   2023,    .  -       ,       .         -      ,       .      ,         .

5. 카툰 프린트 소년 티셔츠 2023 봄 신상 어린이 상의 순면 라운드넥 반팔 베이비 의류 남자

         ' -

1 카툰 프린트 소년 티셔츠 2023 봄 신상 어린이 상의 순면 라운드넥 반팔 베이비 의류 남자

          -   2023,      -       ,                -      ,             ,         

2 카툰 프린트 소년 티셔츠 2023 봄 신상 어린이 상의 순면 라운드넥 반팔 베이비 의류 남자

          -   2023,      -       ,                -      ,             ,         

3 카툰 프린트 소년 티셔츠 2023 봄 신상 어린이 상의 순면 라운드넥 반팔 베이비 의류 남자

          -   2023,      -       ,                -      ,             ,         

4 카툰 프린트 소년 티셔츠 2023 봄 신상 어린이 상의 순면 라운드넥 반팔 베이비 의류 남자

          -   2023,      -       ,                -      ,             ,         

5 카툰 프린트 소년 티셔츠 2023 봄 신상 어린이 상의 순면 라운드넥 반팔 베이비 의류 남자

          -"
157,순면 긴팔 남성 티셔츠 2023 가을 신상 한국판 트렌디 라운드넥 이너웨어 캐주얼 루즈핏 대형,Product Title,":

* 순면 (-)  ""-""  .
* 긴팔 (-)  "" ""  ,        .
* 남성 (-)  ""

2023      - -         



 순면 -  -  
 긴팔 -     ,        
 남성 -"
158,2023 신상 봄철 남성 캐주얼 자켓 순색 스탠드 칼라 스포츠 재킷 경량 통기성 방풍 외투,Detailed Description,"1. 새로운 시작을 알리는 봄철 남성 캐주얼 자켓! 경량 통기성 방풍 외투를 입고 뛰어난 스타일을 보여줄 수 있습니다. 칼라 스포츠 재킷의 경량 디자인과 함께 순색 스탠드 칼라 스포츠 재킷을 입고 뛰어난 스타일을 보여줄 수 있습니다.
2. 봄철 남성 캐주얼 자켓의 새로운 분위기를 느낄 수 있는 칼라 스포츠 재킷! 경량 통기성 방풍 외투를 입고 뛰어난 스타일을 보여줄 수 있습니다. 순색 스탠드 칼라 스포츠 재킷의 경량 디자인과 함께 봄철 남성 캐주얼 자켓의 새로운 분위기를 느낄 수 있습니다.
3. 봄철 남성 캐주얼 자켓을 입고 뛰어난 스타일을 보여줄 수 있는 칼라 스포츠 재킷! 경량 통기성 방풍 외투를 입고 뛰어난 스타일을 보여줄 수 있습니다. 순색 스탠드 칼라 스포츠 재킷의 경량 디자인과 함께 봄철 남성 캐주얼 자켓의 새로운 분위기를 느낄 수 있습니다.
4. 봄철 남성 캐주얼 자켓의 새로운 분위기를 느낄 수 있는 칼라 스포츠 재킷! 경량 통기성 방풍 외투를 입고 뛰어난 스타일을 보여줄 수 있습니다. 순색 스탠드 칼라 스포츠 재킷의 경량 디자인과 함께 �����

1 새로운 시작을 알리는 봄철 남성 캐주얼 자켓 경량 통기성 방풍 외투를 입고 뛰어난 스타일을 보여줄 수 있습니다 칼라 스포츠 재킷의 경량 디자인과 함께 순색 스탠드 칼라 스포츠 재킷을 입고 뛰어난 스타일을 보여줄 수 있습니다
2 봄철 남성 캐주얼 자켓의 새로운 분위기를 느낄 수 있는 칼라 스포츠 재킷 경량 통기성 방풍 외투를 입고 뛰어난 스타일을 보여줄 수 있습니다 순색 스탠드 칼라 스포츠 재킷의 경량 디자인과 함께 봄철 남성 캐주얼 자켓의 새로운 분위기를 느낄 수 있습니다
3 봄철 남성 캐주얼 자켓을 입고 뛰어난 스타일을 보여줄 수 있는 칼라 스포츠 재킷 경량 통기성 방풍 외투를 입고 뛰어난 스타일을 보여줄 수 있습니다 순색 스탠드 칼라 스포츠 재킷의 경량 디자인과 함께 봄철 남성 캐주얼 자켓의 새로운 분위기를 느낄 수 있습니다
4 봄철 남성 캐주얼 자켓의 새로운 분위기를 느낄 수 있는 칼라 스포츠 재킷 경량 통기성 방풍 외투를 입고 뛰어난 스타일을 보여줄 수 있습니다 순색 스탠드 칼라 스포츠 재킷의 경량 디자인과 함께"
159,2023 신형 스마트워치 멀티펑션 스포츠형 심박수 모니터링 블루투스 통화 GPS 위치 추적 남녀 공용 방수,Product Title,2023 신형 스마트워치 멀티펑션 스포츠형 심박수 모니터링 블루투스 통화  위치 추적 남녀 공용 방수   -
160,분홍색 고양이 패턴 어린이 책가방 2023 신상품 귀여운 방수 가벼운 초등학생 배낭 여행용 양어깨 가방,Detailed Description,"1. 분홍색 고양이 패턴 어린이 책가방:   -          .      ,            , ,     .       ,        .
2. 2023 신상품 귀여운 방수:      -          .          ,          .     --         , ,   .
3. 가벼운 초등학생 배낭:                 ,   , ,  .                 .      --          .
4. 여행용 양어깨 가방:  -              .           ,   , ,   ,         .                 .
5. 배낭 여행용 양어깨 가방:  -              .           ,   , ,   ,         .                 .      --          .

1 분홍색 고양이 패턴 어린이 책가방   -                ,            , ,            ,        
2 2023 신상품 귀여운 방수      -                    ,               --         , ,   
3 가벼운 초등학생 배낭                 ,   , ,                         --          
4 여행용 양어깨 가방  -                         ,   , ,   ,                          
5 배낭 여행용 양어깨 가방  -                         ,   , ,   ,                                --"
161,면질 체크무늬 남성용 2023 봄 신상 패션 캐주얼 긴팔 단품 청년 일상 간편 상의,Product Title,"### :       ,         .

###  :창의적 디자인의 액세스 포인트 디지털 패션 웹사이트 접근 페이지
###  : 💻   : 

  ."
162,화려한 빈티지 퍼 코트 여성 2023 신상 겨울 유럽 스타일 두꺼운 따뜻한 모조 밍크 벨벳 아우터 고급 패션,Detailed Description,"1. 화려한 빈티지 퍼 코트:          .  ,         -   - .  -   -                 .
2. 여성 2023 신상 겨울 유럽 스타일:  '     -    .      , '        -.  -                 .
3. 두꺼운 따뜻한 모조 밍크:            .  ,         -   - .  -                 .
4. 벨벳 아우터 고급 패션:         .  -                 .     -     -   - .
5. 고급 패션 아우터:  -       .  ,         -   - .     -                 .

1 화려한 빈티지 퍼 코트            ,         -   -   -   -                 
2 여성 2023 신상 겨울 유럽 스타일       -          ,         -  -                 
3 두꺼운 따뜻한 모조 밍크              ,         -   -   -                 
4 벨벳 아우터 고급 패션           -                      -     -   - 
5 고급 패션 아우터  -         ,         -   -      -"
163,"화려한 컬러의 어린이 및 성인용 접이식 휴대용 킥보드, 비전동 도시 교통 수단",Related Keywords,"1. 컬렉터블 휴대용 킥보드 (  )
2. 어린이용 휴대용 킥보드 ('  )
3. 성인용 휴대용 킥보드 (  )
4. 도시 교통 수단 (  )
5. 비전동 도시 교통 수단 (-   )
6

1 컬렉터블 휴대용 킥보드   
2 어린이용 휴대용 킥보드   
3 성인용 휴대용 킥보드   
4 도시 교통 수단   
5 비전동 도시 교통 수단 -   
6"
164,"HR헬레나 여성용 신상 2023 샤넬 스타일 체인백, 럭셔리하고 고급스러운 소가죽 소프트백, 원숄더 크로스백",Related Keywords,"1. 여성용 신상 ('  )
2. 2023 샤넬 스타일 (2023  )
3. 체인백 ( )
4. 럭셔리하고 고급스러운 (  )
5. 소가죽 소프트백 (  )

1 여성용 신상   
2 2023 샤넬 스타일 2023  
3 체인백  
4 럭셔리하고 고급스러운   
5 소가죽 소프트백"
165,보온 유단복 남성 2023 신모델 겨울용 두꺼운 방풍 방수 아웃도어 등산복 북유럽 심플 스타일 외투,Related Keywords,"1. 보온 유단복
2. 남성 겨울용 두꺼운 복
3. 방풍 방수 아웃도어 등산복
4. 북유럽 심플 스타일 외투
5. 겨울 추위 복
6

1 보온 유단복
2 남성 겨울용 두꺼운 복
3 방풍 방수 아웃도어 등산복
4 북유럽 심플 스타일 외투
5 겨울 추위 복
6"
166,지능형 세라믹 난방 보온컵 남녀 2023 신제품 빠른 가열 차 물컵 휴대용 여행 컵具 터치,Product Title,":

* 지능형 (-):              .
* 세라믹 (-):              -,  .
* 난방 ():             .
* 보��

-  -        2023  



 지능형 -              
 세라믹 -              -,  
 난방              
 보"
167,아동복 후드 티셔츠 여아 2023 봄가을 신상품 만화 패턴 캐주얼 긴팔 풀오버 키즈 상의,Related Keywords,"1. 아동복 ( )
2. 후드 ()
3. 티셔츠 (-)
4. 여아 ()
5. 2023 ()
6. 봄 ()
7. 가을 ()
8. 만화 ()
9. 패턴 ()
10. 캐주얼 ()

1 아동복  
2 후드 
3 티셔츠 -
4 여아 
5 2023 
6 봄 
7 가을 
8 만화 
9 패턴 
10 캐주얼"
168,레트로 스타일 남성 지갑 2023 신상 트렌디 정품 가죽 반지갑 다기능 카드 슬롯 일상용 휴대용 소형 지갑,Product Title,"    ,        :

###  : 2023 신상 트렌디 가죽 반지갑 다기능 카드 슬롯 일상용 휴대용 소형 지갑 (           )

:

* 2

  ."
169,간결한 현대 가정 장식 북유럽 스타일 철제 벽걸이 창의적인 벽 장식품 거실 배경 벽 장식,Product Title,":

* 간결한 (--) - 
* 현대 (-) - 
* 북유럽 (--) -   ( )
* 스타일 (-) - 
* 철제 (-) - 
* 벽걸이 (

-      



 간결한 -- - 
 현대 - - 
 북유럽 -- -    
 스타일 - - 
 철제 - - 
 벽걸이"
170,다기능 스마트 청소 로봇 가정용 전자동 먼지 흡입기 겸용 물걸레 청소기 원격 조종으로 편리하고 시간 절약,Product Title,":

* 📦:       

다기능 스마트 청소 로봇 가정용 전자동 먼지 흡입기 겸용 물걸레 청소기 - 원격 조종으로 편리하고 시간 절약"
171,별하늘 프로젝션 램프 로맨틱 스타 나이트 라이트 USB 인터페이스 다중 모드 조절 침실 어린이방 축제 분위기 장식,Related Keywords,"1. 별하늘 프로젝션 ( )
2. 램프 로맨틱 ( )
3. 스타 나이트 ( )
4. 라이트  ( )
5. 인터페이스 ()
6. 다중 모드 조절 (- )
7. ��

1 별하늘 프로젝션  
2 램프 로맨틱  
3 스타 나이트  
4 라이트   
5 인터페이스 
6 다중 모드 조절 - 
7"
172,별하늘 프로젝션 램프 LED 컬러 회전 별과 달 밤 램프 USB 어린이 침실용 탁자등 커플 생일 선물 가정용 애트모스피어 라이트,Detailed Description,"1. 별하늘 프로젝션 램프  컬러 회전 별과 달 밤 램프:                    .            '        ' .
2.  어린이 침실용 탁자:             .      '         .                .
3. 커플 생일 선물 가정용 애트모스피어 라이트:                 '         ' .                    .
4. 별과 달 밤 램프:                   .            '        ' .                .
5. 라이트 가정용 애트모스피어:                 '         ' .                    .            '        ' .

1 별하늘 프로젝션 램프  컬러 회전 별과 달 밤 램프                                         
2  어린이 침실용 탁자                                            
3 커플 생일 선물 가정용 애트모스피어 라이트                                               
4 별과 달 밤 램프                                                        
5 라이트 가정용 애트모스피어"
173,가정용 전동 칫솔 전자동 충전식 성인 음파 연모 칫솔 방수 커플용 스마트 칫솔,Detailed Description,"1. 가정용 전동 칫솔:       '    .           ,             .
2. 전자동 충전식 성인 음파 연모 칫솔:     '  ,         .     '         ,       .
3. 방수 커플용 스마트 칫솔:       '     ,       -- .     '  ,         .
4. 가정용 전동 칫솔 전자동 충전식 성인 음파 연모 칫솔:        ,       '       .     '         ,       .
5. 스마트 칫솔 방수 커플용 전동 칫솔:       '  ,         .     '     ,       -- .

1 가정용 전동 칫솔                      ,             
2 전자동 충전식 성인 음파 연모 칫솔       ,                       ,       
3 방수 커플용 스마트 칫솔            ,       --        ,         
4 가정용 전동 칫솔 전자동 충전식 성인 음파 연모 칫솔        ,                            ,       
5 스마트 칫솔 방수 커플용 전동 칫솔         ,                   ,       --"
174,2023 가을 신상 여성용 낙타색 트렌치코트 중장형 더블버튼 디자인 감성 코트 우아한 출근 스타일 아우터,Product Title,"      :

2023 가을 신상 패션 트렌드: 쾌적하고 패션 디자인 두버튼 트렌챠 드레스 여성용

   :

* 가을 (

2023       -    

      

2023 가을 신상 패션 트렌드 쾌적하고 패션 디자인 두버튼 트렌챠 드레스 여성용

   

 가을"
175,전자동 스마트 청소 로봇 진공청소기 겸용 물걸레 청소기 무선 조용한 충전식,Related Keywords,"1. 전자동 스마트 청소 로봇 (   )
2. 진공청소기 ( )
3. 겸용 물걸레 청소기 (-  )
4. 무선 청소기 ( )
5. 조용한 충전식 ( )
6. 스마트 청소 로봇 ( 

1 전자동 스마트 청소 로봇    
2 진공청소기  
3 겸용 물걸레 청소기 -  
4 무선 청소기  
5 조용한 충전식  
6 스마트 청소 로봇"
176,2023 신형 어린이 스마트워치 전화 GPS 위치 추적 방수 다기능 학생용 시계 미니 채팅 기록 조회 귀여운 카툰 시계판,Related Keywords,"1. 신형 어린이 스마트워치
2.  위치 추적
3. 다기능 시계
4. 미니 채팅 기록
5. 조회 귀여운 카툰 시계판
6. 

1 신형 어린이 스마트워치
2  위치 추적
3 다기능 시계
4 미니 채팅 기록
5 조회 귀여운 카툰 시계판
6"
177,다기능 휴대용 야외 접이식 의자 경량 낚시 의자 속건 통기성 캠핑 의자 컵홀더 포함,Product Title,"### :       ,         .

###  : 다기능 휴대용 야외 접이식 의자 경�

야외 접이식 경량 낚시 의자 속건 통기성 캠핑 의자 컵홀더"
178,2023 신형 스마트워치 터치스크린 스포츠 심박수 모니터링 블루투스 전화 시계 다기능 건강 추적 팔찌,Related Keywords,"1. 신형 스마트워치 (   )
2. 터치스크린 스포츠 (  )
3. 심박수 모니터링 (  )
4. 블루투스 전화 ( )
5. 다기능 �

1 신형 스마트워치    
2 터치스크린 스포츠   
3 심박수 모니터링   
4 블루투스 전화  
5 다기능"
179,새로운 스마트워치 스포츠 버전 심박수 모니터링 다기능 블루투스 통화 방수 남녀 공용 블랙 가죽 밴드,Related Keywords,"1. 워치 모니터링 -  
2. 스마트 워치 -  
3. 심박수 모니터 -   
4. 다기능 블루투스 -  
5. 통화 방수 -   
6. 남녀 공용 - -


1 워치 모니터링 -  
2 스마트 워치 -  
3 심박수 모니터 -   
4 다기능 블루투스 -  
5 통화 방수 -   
6 남녀 공용 - -"
180,프렌치 스타일 머메이드 드레스 여성용 가을/겨울 2023년 신상 하이엔드 슬림핏 롱 스커트,Detailed Description,"1. 멋지고 디자인된 프렌치 스타일 머메이드 드레스:        ,          .           ,      - .
2. 가을/겨울 2023년 신상 하이엔드 슬림핏 롱 스커트:      -   -   / .        , '      ,  '        .
3. 여성용 가을/겨울 2023년 신상 하이엔드 슬림핏 롱 스커트:            '   / .               ,               .
4. 프렌치 스타일 머메이드 드레스 여성용 가을/겨울 2023년 신상 하이엔드 슬림핏 롱 스커트:           '   / .  -          - ,                .
5. 2023년 신상 하이엔드 슬림핏 롱 스커트:      -        .               ,               .

1 멋지고 디자인된 프렌치 스타일 머메이드 드레스        ,                     ,      - 
2 가을겨울 2023년 신상 하이엔드 슬림핏 롱 스커트      -   -            ,       ,          
3 여성용 가을겨울 2023년 신상 하이엔드 슬림핏 롱 스커트                               ,               
4 프렌치 스타일 머메이드 드레스 여성용 가을겨울 2023년 신상 하이엔드 슬림핏 롱 스커트                 -          - ,                
5 2023년 신상 하이엔드 슬림핏 롱 스커트      -                       ,"
181,어린이 스마트워치 전화 위치추적 터치스크린 방수 학생용 멀티펑션 걸음수계 음성채팅 SOS 원키 구조 어린이용 시계,Product Title,":

* 채움빛 ()     

채움빛 스마트워치 태블릿 - 어린이용 위치추적 시계 및 걸음수계 음성채팅  원키 구조



 채움빛"
182,전자동 스마트 로봇 청소기 가정용 진공청소기 걸레질 기계 3-in-1 물걸레 청소기 원격 제어 경로 계획,Product Title,"      :

스마트 홈 베어링 청소기  3--1 물 탱크, 무선   , 및 경로 계획 뉴러 기술

:

* 스마트 ��

3--1  ,   ,     

      

스마트 홈 베어링 청소기  3--1 물 탱크, 무선   , 및 경로 계획 뉴러 기술



 스마트"
183,간결한 현대식 책상 가정용 사무용 책상 학생 쓰기 책상 컴퓨터 책상 서랍이 있는 수납 책상 북유럽 스타일 작업대,Detailed Description,"1. 간결한 현대식 책상 (   ) -          ,        '     .       ,     ,          .
2. 가정용 사무용 책상 (  ) -        ,          , ,    .    -        ,          .
3. 책상 쓰기 책상 ( ) -               .            ,     ,          .
4. 컴퓨터 책상 ( ) -        ,          , ,  .    -          -.
5. 서랍이 있는 수납 책상 ( ) -     - ,      , ,    . '            ,          .

### :         ,   2 .

### : 북유럽 스타일 작업대 (- )

 :

 -           ,       .        ,   -      .        , ,  ,          .

     - ,      , ,    .         -,          .     -   ,      -.

 -          ,             . '                .

 :            .

1 간결한 현대식 책상     -          ,                    ,     ,          
2 가정용 사무용 책상    -        ,          , ,        -        ,          
3 책상 쓰기 책상   -                           ,     ,          
4 컴퓨터 책상   -        ,          , ,      -          -
5 서랍이 있는 수납 책상   -     - ,      , ,                 ,"
184,2023 신형 스마트 청소기 가정용 전자동 로봇 청소기 초박형 저소음 먼지 제거 및 청소 일체형 기계,Product Title,"     :

2023 신형 스마트 청소기 - 가정용 전자동 로봇 청

2023 신형 스마트 청소기 - 가정용 전자동 로봇 청소기 초박형 저소음 먼지 제거 및 청소 일체형 기계

     

2023 신형 스마트 청소기 - 가정용 전자동 로봇 청"
185,"트렌디한 새로운 남성용 반팔 티셔츠, 순색 슬림핏 젊은이 여름용 통기성 라운드넥 상의",Detailed Description,"1. 매력적인 색상 변화: 이 티셔츠는 새로운 남성용 반팔 티셔츠로, 트렌디한 색상 변화를 보여줍니다. 순색 슬림핏 젊은이 여름용 통기성 라운드넥 상의에 매력적인 색상 변화를 활용하여, 여름의 날짜를 즐기는 남성들에게 매력적인 이미지를 줍니다.
2. 투피케이션 변화: 이 티셔츠는 순색 슬림핏 젊은이 여름용 통기성 라운드넥 상의의 투피케이션 변화를 보여줍니다. 여름의 날짜를 즐기는 남성들에게 적응된 투피케이션 변화를 활용하여, 쾌적한 욕설을 즐기는 분위기를 줍니다.
3. 쾌적한 욕설: 이 티셔츠는 순색 슬림핏 젊은이 여름용 통기성 라운드넥 상의의 쾌적한 욕설을 보여줍니다. 여름의 날짜를 즐기는 남성들에게 쾌적한 욕설을 즐기는 분위기를 줍니다.
4. 활력 증진: 이 티셔츠는 순색 슬림핏 젊은이 여름용 통기성 라운드넥 상의의 활력 증진을 보여줍니다. 여름의 날짜를 즐기는 남성들에게 활력 증진을 즐기는 분위기를 줍니다.
5. 패션 프레셔: 이 티셔츠는 순색 슬림핏 젊은이 여름용 통기성 라운드넥 상의의 패션 프레셔를 보여줍니다. 여름의 날짜를

1 매력적인 색상 변화 이 티셔츠는 새로운 남성용 반팔 티셔츠로, 트렌디한 색상 변화를 보여줍니다 순색 슬림핏 젊은이 여름용 통기성 라운드넥 상의에 매력적인 색상 변화를 활용하여, 여름의 날짜를 즐기는 남성들에게 매력적인 이미지를 줍니다
2 투피케이션 변화 이 티셔츠는 순색 슬림핏 젊은이 여름용 통기성 라운드넥 상의의 투피케이션 변화를 보여줍니다 여름의 날짜를 즐기는 남성들에게 적응된 투피케이션 변화를 활용하여, 쾌적한 욕설을 즐기는 분위기를 줍니다
3 쾌적한 욕설 이 티셔츠는 순색 슬림핏 젊은이 여름용 통기성 라운드넥 상의의 쾌적한 욕설을 보여줍니다 여름의 날짜를 즐기는 남성들에게 쾌적한 욕설을 즐기는 분위기를 줍니다
4 활력 증진 이 티셔츠는 순색 슬림핏 젊은이 여름용 통기성 라운드넥 상의의 활력 증진을 보여줍니다 여름의 날짜를 즐기는 남성들에게 활력 증진을 즐기는 분위기를 줍니다
5 패션 프레셔 이 티셔츠는 순색 슬림핏 젊은이 여름용 통기성 라운드넥 상의의 패션 프레셔를 보여줍니다 여름의 날짜를"
186,새로운 스마트워치 화웨이 MateWatch 한정판 풀터치스크린 건강 모니터링 멀티펑션 블루투스 통화 남녀공용 스포츠 시계,Related Keywords,"1. 워치 ()
2. 스마트워치 ( )
3. 화웨이 ()
4. 한정판 ( )
5. 풀터치스크린 (  )
6. 건강 모니터링 ( )


1 워치 
2 스마트워치  
3 화웨이 
4 한정판  
5 풀터치스크린   
6 건강 모니터링"
187,스마트워치 남성용 2023 블루투스 전화 터치스크린 스포츠 걸음수계 심박수 모니터링 다기능 방수 전자시계,Product Title,":

*            ,         '   .
*                 ,  

블루투스 스마트워치 2023 남성용 걸음수계 심박수 모니터링 다기능 방수 전자시계



            ,            
                 ,"
188,활동적인 스마트 스포츠 워치 다기능 스포츠 모드 심박수 모니터링 수면 추적 방수 블루투스 연결 스마트 알림 터치스크린,Detailed Description,"1. 활동적인 스마트 스포츠 워치:                   .           ,  ,    .
2. 다기능 스포츠 모드:          ,   , ,  ,      -.
3. 심박수 모니터링:     '    -,         .
4. 수면 추적:     '  ,    , ,    .
5. 방수 블루투스 연결:              ,        .

### :           : 에너지 효과적인 액세스 패널 디자인

###  : 에너지 효과적인 액세스 패널 디자인

###  :

1. 에너지 효과적인 액세스 패널 디자인:       -         .            ,       .
2. 에너지 효과적인 설계:          ,            .            ,        .
3. 효과적인 에너지 효과:         ,         .          -,   -    .
4. 에너지 효과적인 디자인:          ,            .            ,        .
5. 액세스 패널 디자인:                      .            ,       .

1 활동적인 스마트 스포츠 워치                              ,  ,    
2 다기능 스포츠 모드          ,   , ,  ,      -
3 심박수 모니터링         -,         
4 수면 추적       ,    , ,    
5 방수 블루투스 연결              ,"
189,스마트 키친 멀티 기능 요리기 가정용 전동 분쇄 믹서기 과일 채소 착즙기 요리 식품 처리기,Related Keywords,"1. 스마트 요리기 (  )
2. 키친 멀티 기능 (-  )
3. 가정용 전동 분쇄 믹서기 (   )
4. 과일 채소 착즙기 (   )
5. 요리 식품 처리기 ( 

1 스마트 요리기   
2 키친 멀티 기능 -  
3 가정용 전동 분쇄 믹서기    
4 과일 채소 착즙기    
5 요리 식품 처리기"
190,녹색 스트라이프 긴팔 셔츠 남성 2023 봄 신상 한국판 슬림핏 비즈니스 캐주얼 포켓 있는 스퀘어 칼라 상의,Detailed Description,"1. 녹색 스트라이프 긴팔 셔츠 남성 2023 봄 신상 한국판:    -             .        ,         .
2. 슬림핏 비즈니스 캐주얼 포켓 있는 스퀘어 칼라 상의:  -        .          ,          .
3. 한국판 슬림핏 스퀘어 칼라 상의:  -      -   ' .             ,   -       .
4. 봄 신상 긴팔 셔츠 남성:     -          .        ,   -        .
5. 셔츠 남성 2023 봄 신상:  '           .        ,   2023           .

1 녹색 스트라이프 긴팔 셔츠 남성 2023 봄 신상 한국판    -                     ,         
2 슬림핏 비즈니스 캐주얼 포켓 있는 스퀘어 칼라 상의  -                  ,          
3 한국판 슬림핏 스퀘어 칼라 상의  -      -                 ,   -       
4 봄 신상 긴팔 셔츠 남성     -                  ,   -        
5 셔츠 남성 2023 봄 신상                     ,   2023"
191,여성 2023 신상 양모 스웨터 가을 겨울 두꺼운 보온 니트 스웨터 패션 라운드넥 풀오버 와이드 핏,Product Title,":

* 여성 ()  """"  .
* 2023 (2023)      ' .
* 신상 (-)  """"  """"  

여성 2023 가을 겨울 두꺼운 보온 니트 스웨터       



 여성     
 2023 2023       
 신상 -"
192,유럽과 미국 스타일의 여성용 패션 대용량 토트백 봄 여름 신상 트렌디 여성 크로스바디 백 단품,Detailed Description,"1. 유럽의 패션 스타일과 미국의 트렌디 여성 크로스바디 백 디자인을 접목하여 만든 여성용 패션 대용량 토트백. 봄 여름 신상 트렌디 여성 크로스바디 백 디자인을 적용하여 여성의 몸통을 발돋움과 편안함을 추구하였습니다.
2. 이 패션 대용량 토트백은 유럽과 미국의 여성 패션 스타일을 혼합하여 만든 최신 여성 패션 제품입니다. 봄 여름 신상 트렌디 여성 크로스바디 백 디자인을 적용하여 여성의 몸통을 발돋움과 편안함을 추구하였습니다.
3. 이 제품은 유럽과 미국의 여성 패션 스타일을 접목하여 만든 최신 여성 패션 제품입니다. 봄 여름 신상 트렌디 여성 크로스바디 백 디자인을 적용하여 여성의 몸통을 발돋움과 편안함을 추구하였습니다.
4. 이 패션 대용량 토트백은 유럽과 미국의 여성 패션 스타일을 혼합하여 만든 최신 여성 패션 제품입니다. 봄 여름 신상 트렌디 여성 크로스바디 백 디자인을 적용하여 여성의 몸통을 발돋움과 편안함을 추구하였습니다.
5. 이 제품은 유럽과 미국의 여성 패션 스타일을 접목하여 만든 최신 여성 패션 제품입니다. 봄 여름 신상 트렌디 여성 크로스바디 백 디자인을 적용하여 여성의 몸통을 발돋움과 편안함을 추구하였습니다.

1 유럽의 패션 스타일과 미국의 트렌디 여성 크로스바디 백 디자인을 접목하여 만든 여성용 패션 대용량 토트백 봄 여름 신상 트렌디 여성 크로스바디 백 디자인을 적용하여 여성의 몸통을 발돋움과 편안함을 추구하였습니다
2 이 패션 대용량 토트백은 유럽과 미국의 여성 패션 스타일을 혼합하여 만든 최신 여성 패션 제품입니다 봄 여름 신상 트렌디 여성 크로스바디 백 디자인을 적용하여 여성의 몸통을 발돋움과 편안함을 추구하였습니다
3 이 제품은 유럽과 미국의 여성 패션 스타일을 접목하여 만든 최신 여성 패션 제품입니다 봄 여름 신상 트렌디 여성 크로스바디 백 디자인을 적용하여 여성의 몸통을 발돋움과 편안함을 추구하였습니다
4 이 패션 대용량 토트백은 유럽과 미국의 여성 패션 스타일을 혼합하여 만든 최신 여성 패션 제품입니다 봄 여름 신상 트렌디 여성 크로스바디 백 디자인을 적용하여 여성의 몸통을 발돋움과 편안함을 추구하였습니다
5 이 제품은 유럽과 미국의 여성 패션 스타일을 접목하여 만든 최신 여성 패션 제품입니다 봄 여름 신상 트렌디 여성 크로스바디 백 디자인을 적용하여 여성의 몸통을 발돋움과 편안함을 추구하였습니다"
193,2023 신형 스포츠형 스마트워치 심박수 혈압 모니터링 다기능 블루투스 통화 남녀공용 스마트 웨어러블 기기,Related Keywords,"1. 신형 스포츠형 스마트워치 ( -  )
2. 심박수 혈압 모니터링 (     )
3. 다기능 블루투스 통화 (-  )
4. 남녀공

1 신형 스포츠형 스마트워치  -  
2 심박수 혈압 모니터링      
3 다기능 블루투스 통화 -  
4 남녀공"
194,후드 패딩 재킷 남성 2023 겨울 신상 트렌디 두꺼운 보온 아우터웨어 남성 캐주얼 패션 대형 모자 달린 외투,Detailed Description,"1. 후드 패딩 재킷 남성 2023 겨울 신상 트렌디 두꺼운 보온 아우터웨어 남성 캐주얼 패션 대형 모자 달린 외투 ( 2023          )

     -    .           ,           .     -           .

2. 후드 패딩 재킷 남성 2023 겨울 신상 트렌디 두꺼운 보온 아우터웨어 남성 캐주얼 패션 대형 모자 달린 외투 ( 2023          )

               .         ,           .  -            .

3. 후드 패딩 재킷 남성 2023 겨울 신상 트렌디 두꺼운 보온 아우터웨어 남성 캐주얼 패션 대형 모자 달린 외투 ( 2023          )

                 .         ,           .  -            .

4. 후드 패딩 재킷 남성 2023 겨울 신상 트렌디 두꺼운 보온 아우터웨어 남성 캐주얼 패션 대형 모자 달린 외투 ( 2023          )

               .         ,           .  -            .

5. 후드 패딩

1 후드 패딩 재킷 남성 2023 겨울 신상 트렌디 두꺼운 보온 아우터웨어 남성 캐주얼 패션 대형 모자 달린 외투  2023          

     -               ,                -           

2 후드 패딩 재킷 남성 2023 겨울 신상 트렌디 두꺼운 보온 아우터웨어 남성 캐주얼 패션 대형 모자 달린 외투  2023          

                        ,             -            

3 후드 패딩 재킷 남성 2023 겨울 신상 트렌디 두꺼운 보온 아우터웨어 남성 캐주얼 패션 대형 모자 달린 외투  2023          

                          ,             -            

4 후드 패딩 재킷 남성 2023 겨울 신상 트렌디 두꺼운 보온 아우터웨어 남성 캐주얼 패션 대형 모자 달린 외투  2023          

                        ,             -            

5 후드 패딩"
195,2023 신형 스마트워치 블루투스 전화 시계 심박수 모니터링 스포츠 방수 다기능 남녀공용 스마트 웨어러블 기기,Detailed Description,"1 신형 스마트워치 블루투스 전화 시계 심박수 모니터링 기능 -      -    ,           -                   
2 다기능 남녀공용 스마트 웨어러블 기기 -                      ,   ,  ,   ,              
3 스포츠 방수 기능 -     -          ,   ,  ,                      
4 심박수 모니터링 기능 -            -                ,     ,         
5 남녀공용 스마트 웨어러블 기기 -       -,                             ,   ,  ,   ,"
196,벨벳 드레스 여성 가을 겨울 신상 고급스러운 분위기 명사 파티 저녁식사용 드레스 슬림핏 날씬해 보이는 긴팔 드레스,Related Keywords,"1. 벨벳 드레스 (- )
2. 여성 가을 겨울 ('   )
3. 신상 고급스러운 (-, )
4. 분위기 명사 (-)
5. �

1 벨벳 드레스 - 
2 여성 가을 겨울    
3 신상 고급스러운 -, 
4 분위기 명사 -
5"
197,URBAN REVIVO 2023 가을/겨울 시즌 여성용 어린 느낌의 퍼 토트 겸 크로스백 UAWB30243,Detailed Description,"1. 뉴 웨이브 얼굴 퍼포먼스: 이 퍼토트는 여성의 얼굴을 더 어린 느낌으로 변환시키는 능력을 가지고 있습니다. 피부의 색깔이 더 밝아지며, 얼굴의 라인이 더 편안해지는 등 얼굴의 외관이 젊은 느낌으로 변하게 됩니다.
2. 생기 있는 퍼토트: 이 퍼토트는 여성의 생기를 더 표현하는 능력을 가지고 있습니다. 피부의 색깔이 더 밝아지며, 얼굴의 라인이 더 편안해지는 등 얼굴의 외관이 젊은 느낌으로 변하게 됩니다.
3. 크로스백 퍼토트: 이 퍼토트는 여성의 크로스백 얼굴을 더 표현하는 능력을 가지고 있습니다. 피부의 색깔이 더 밝아지며, 얼굴의 라인이 더 편안해지는 등 얼굴의 외관이 젊은 느낌으로 변하게 됩니다.
4. 파워 퍼토트: 이 퍼토트는 여성의 파워 얼굴을 더 표현하는 능력을 가지고 있습니다. 피부의 색깔이 더 밝아지며, 얼굴의 라인이 더 편안해지는 등 얼굴의 외관이 젊은 느낌으로 변하게 됩니다.
5. 패션 퍼토트: 이 퍼토트는 여성의 패션 얼굴을 더 표현하는 능력을 가지고 있습니다. 피부의 색깔이 더 밝아지며, 얼굴의 라인이 더 편안해지는 등 �����

1 뉴 웨이브 얼굴 퍼포먼스 이 퍼토트는 여성의 얼굴을 더 어린 느낌으로 변환시키는 능력을 가지고 있습니다 피부의 색깔이 더 밝아지며, 얼굴의 라인이 더 편안해지는 등 얼굴의 외관이 젊은 느낌으로 변하게 됩니다
2 생기 있는 퍼토트 이 퍼토트는 여성의 생기를 더 표현하는 능력을 가지고 있습니다 피부의 색깔이 더 밝아지며, 얼굴의 라인이 더 편안해지는 등 얼굴의 외관이 젊은 느낌으로 변하게 됩니다
3 크로스백 퍼토트 이 퍼토트는 여성의 크로스백 얼굴을 더 표현하는 능력을 가지고 있습니다 피부의 색깔이 더 밝아지며, 얼굴의 라인이 더 편안해지는 등 얼굴의 외관이 젊은 느낌으로 변하게 됩니다
4 파워 퍼토트 이 퍼토트는 여성의 파워 얼굴을 더 표현하는 능력을 가지고 있습니다 피부의 색깔이 더 밝아지며, 얼굴의 라인이 더 편안해지는 등 얼굴의 외관이 젊은 느낌으로 변하게 됩니다
5 패션 퍼토트 이 퍼토트는 여성의 패션 얼굴을 더 표현하는 능력을 가지고 있습니다 피부의 색깔이 더 밝아지며, 얼굴의 라인이 더 편안해지는 등"
198,남성 겨울용 두꺼운 다운 재킷 2023 신상품 아웃도어 보온 경량형 검정색 스탠드 칼라 심플 패션 겨울 외투,Detailed Description,"1. 두꺼운 다운 재킷:          ,               .      -  ,      ,            ,      .
2. 2023 신상품 아웃도어 보온:      -           .           ,      ,            .         ,                .
3. 경량형 검정색 스탠드:          ,               .       -       ,          .            ,        .
4. 심플 패션 겨울 외투:          ,                .       -       ,          .         ,             .
5. 칼라 심플 패션 겨울 외투:          ,             .       -       ,            -.         ,                .

1 두꺼운 다운 재킷          ,                     -  ,      ,            ,      
2 2023 신상품 아웃도어 보온      -                      ,      ,                     ,                
3 경량형 검정색 스탠드          ,                      -       ,                      ,        
4 심플 패션 겨울 외투          ,                       -       ,                   ,             
5 칼라 심플 패션 겨울 외투          ,                    -       ,            -         ,"
199,클래식 빈티지 스타일 멜빵 바지 여성 레트로 와이드 하이웨이스트 청바지 봄가을 시즌 데일리 학생,Product Title,"            . '     :

1. **클래식** () -              '    .
2. **빈티지** () -           '  ,       .


-  -   

                  

1 클래식  -                  
2 빈티지  -             ,"
200,2023 신형 스포츠 건강 모니터링 블루투스 전화 시계 남녀공용 방수 터치 대형 화면 심박수 혈압계 걸음걸이계,Detailed Description,"1. 신형 스포츠 건강 모니터링 블루투스 전화 시계:    -         ,   ,  ,  .              .
2. 남녀공용 방수 터치 대형 화면:              .               ,   ,  ,  .
3. 심박수 혈압계:              .               .
4. 걸음걸이계:                .               .
5. 2023 신형 스포츠 건강 모니터링 블루투스 전화 시계:               ,   ,  ,  .                    .

1 신형 스포츠 건강 모니터링 블루투스 전화 시계    -         ,   ,  ,                
2 남녀공용 방수 터치 대형 화면                             ,   ,  ,  
3 심박수 혈압계                             
4 걸음걸이계                               
5 2023 신형 스포츠 건강 모니터링 블루투스 전화 시계               ,   ,  ,"
201,VANWALK 모몬스터 시리즈 카툰 귀여운 털모자 휴대폰 가방 여성 겨울용 원숄더 크로스바디 미니백,Related Keywords,"1. 반움증 모몬스터 시리즈 ( 모몬스터 시리즈) -   
2. 카툰 귀여운 털모자 (  ) -   
3. 휴대폰 가방 (  ) -   
4.

1 반움증 모몬스터 시리즈  모몬스터 시리즈 -   
2 카툰 귀여운 털모자    -   
3 휴대폰 가방    -   
4"
202,"레트로 스타일 남성 포마드 강력한 세팅 효과, 기름기 없고 상쾌한 향 지속적이고 자연스러운 남성 헤어스타일 연출 왁스",Related Keywords,"1. 레트로 스타일 ( )
2. 남성 포마드 ( )
3. 강력한 세팅 효과 (  )
4. 기름기 없고 (-)
5. 상쾌한 향 ( )
6. 지속적이

1 레트로 스타일  
2 남성 포마드  
3 강력한 세팅 효과   
4 기름기 없고 -
5 상쾌한 향  
6 지속적이"
203,모직 와이드 팬츠 여성 가을 겨울 2023 신상 두꺼운 루즈핏 스트레이트 팬츠 벨벳 모직 캐주얼 바지,Related Keywords,"1. 모직 와이드 팬츠 (  )
2. 여성 가을 겨울 2023 ('    2023)
3. 신상 두꺼운 루즈핏 (   )
4. 스트레이트

1 모직 와이드 팬츠   
2 여성 가을 겨울 2023     2023
3 신상 두꺼운 루즈핏    
4 스트레이트"
204,2023 봄 신상 여성 프린트 원피스 긴팔 V넥 허리끈 드레스 패셔너블하고 우아한 일상 착용,Detailed Description,"###  : 2
              ,  .              ,          - .       -,             .      ,           .

###  : 3
            - .           ,         .                ,            .  '  ,   ,        ,      .

###  : 4
       -,               .         ,    ,     .           ,            .      - ,            .

###  : 5
            ,  .        ,        .  '                    ,       .               ,          .

  ."
205,어린이 스마트워치 GPS 위치 추적 전화 시계 방수 비디오 통화 학생용 멀티 기능 팔찌 2024년 신제품,Product Title,"### :

1.            .
2.             .
3.       '   .
4.        .

### :

📱    

  ."
206,카라오케 무선 블루투스 마이크 가정용 KTV 전체 세트 음향 일체형 기계 휴대용 노래 신기 고음질,Product Title,"     ,       :

###  : 카라오케 무선 블루투스 마이크 가정용  전체 세트 (       )

     '    ,    , - ,         .   

  ."
207,시사운동화 남녀공용 통기성 가벼운 러닝화 2023 신상품 봄여름 캐주얼화 야외 여행화,Related Keywords,"1. 시사운동화 (-) -  
2. 남녀공용 (---) - -
3. 통기성 (--) - 
4. 가벼운 (--) - 
5. 러닝화 (--) -  
6. 2023 신

1 시사운동화 - -  
2 남녀공용 --- - -
3 통기성 -- - 
4 가벼운 -- - 
5 러닝화 -- -  
6 2023 신"
208,6x6 구동 중형 군사 오프로드 RC 트럭 자동차 장난감 모델에 원격 카메라가 있는 육륜 구동 원격 제어 트럭,Related Keywords,"1. 군사 트럭 -  
2. 오프로드  - - 
3. 자동차 장난감 -  
4. 원격 카메라 -  
5. 육륜 구동 - 4
6. 원격 제어 -  
7. 군사 장난감 -  
8.

1 군사 트럭 -  
2 오프로드  - - 
3 자동차 장난감 -  
4 원격 카메라 -  
5 육륜 구동 - 4
6 원격 제어 -  
7 군사 장난감 -  
8"
209,봄 신상품 순색 라운드넥 니트 여성 얇은 통기성 이너웨어 긴팔 탑 슬림핏 티셔츠 여성복,Product Title,":

*           ,       .
*        ,      

봄 매직 순색 라운드넥 니트 여성 얇은 통기성 이너웨어 긴팔 탑 슬림핏 티셔츠



           ,       
        ,"
210,컬러풀 캔디 컬러 실리콘 시계 여성 방수 패션 심플 학생용 석영 시계 일상 캐주얼 스포츠 손목시계,Related Keywords,"1. 컬러풀 캔디 -  
2. 컬러 실리콘 -  
3. 시계 여성 -   
4. 방수 패션 -  
5. 심플 학생용 -   
6.

1 컬러풀 캔디 -  
2 컬러 실리콘 -  
3 시계 여성 -   
4 방수 패션 -  
5 심플 학생용 -   
6"
211,2023 신제품 남성용 스마트워치 다기능 스포츠형 심박수 모니터링 블루투스 통화 방수 패션 비즈니스 시계,Product Title,":

* 새로운 () -     ' -   .


2023 새로운 남성 스마트워치 - 다기능 스포츠형 심박수 모니터링 블루투스 통화 방수 패션 시계



 새로운  -      -"
